PMCID,Copilot_Processed_Datasets_JSON,DOME_Registry_PMC_Supplementary,Negative_PMC_Supplementary,Positive_PMC_Supplementary,30_Evaluation_Source_JSONs_Human_and_Copilot_Including_PDFs,DOME_Registry_Human_Reviews_258_20260205.json
PMC10004203,Yes,No,No,Yes,No,No
PMC10006025,Yes,No,No,Yes,No,No
PMC10006506,Yes,No,No,Yes,No,No
PMC10009358,No,No,Yes,No,No,No
PMC10010318,Yes,No,No,Yes,No,No
PMC10010965,No,No,Yes,No,No,No
PMC10012374,No,No,Yes,No,No,No
PMC10012671,No,No,Yes,No,No,No
PMC10015387,No,No,Yes,No,No,No
PMC10017066,No,No,Yes,No,No,No
PMC10023470,Yes,No,No,Yes,No,No
PMC10029804,No,No,Yes,No,No,No
PMC10034655,No,No,Yes,No,No,No
PMC10037407,No,No,Yes,No,No,No
PMC10038376,Yes,No,No,Yes,No,No
PMC10039475,No,No,Yes,No,No,No
PMC10042431,No,No,Yes,No,No,No
PMC10043063,Yes,No,No,Yes,No,No
PMC10043949,No,No,Yes,No,No,No
PMC10044325,No,No,Yes,No,No,No
PMC10046420,Yes,No,No,Yes,No,No
PMC10049411,Yes,No,No,Yes,No,No
PMC10052246,Yes,No,No,Yes,No,No
PMC10052279,Yes,No,No,Yes,No,No
PMC10060474,Yes,No,No,Yes,No,No
PMC10061477,Yes,No,No,Yes,No,No
PMC10061827,Yes,No,No,Yes,No,No
PMC10066895,No,No,Yes,No,No,No
PMC10067239,Yes,No,No,Yes,No,No
PMC10068958,Yes,No,No,Yes,No,No
PMC10069559,Yes,No,No,Yes,No,No
PMC10071087,Yes,No,No,Yes,No,No
PMC10071187,No,No,Yes,No,No,No
PMC10071555,Yes,No,No,Yes,No,No
PMC10073265,Yes,No,No,Yes,No,No
PMC10073367,Yes,No,No,Yes,No,No
PMC10075196,Yes,No,No,Yes,No,No
PMC10075305,No,No,Yes,No,No,No
PMC10078149,No,No,Yes,No,No,No
PMC10079515,No,No,Yes,No,No,No
PMC10084054,No,No,Yes,No,No,No
PMC10087011,Yes,Yes,No,No,No,Yes
PMC10088062,No,No,Yes,No,No,No
PMC10097501,No,No,Yes,No,No,No
PMC10098758,Yes,No,No,Yes,No,No
PMC10099504,No,No,Yes,No,No,No
PMC10099589,No,No,Yes,No,No,No
PMC10104773,No,No,Yes,No,No,No
PMC10105189,No,No,Yes,No,No,No
PMC10105856,No,No,Yes,No,No,No
PMC10107557,No,No,Yes,No,No,No
PMC10113717,No,No,Yes,No,No,No
PMC10114598,Yes,No,No,Yes,No,No
PMC10124613,No,No,Yes,No,No,No
PMC10127088,Yes,No,No,Yes,No,No
PMC10128621,Yes,No,No,Yes,No,No
PMC10132959,Yes,No,No,Yes,No,No
PMC10139771,No,No,Yes,No,No,No
PMC10140058,Yes,No,No,Yes,No,No
PMC10147375,Yes,No,No,Yes,No,No
PMC10152224,No,No,Yes,No,No,No
PMC10153038,No,No,Yes,No,No,No
PMC10155038,No,No,Yes,No,No,No
PMC10155647,No,No,Yes,No,No,No
PMC10156426,Yes,No,No,Yes,No,No
PMC10157788,No,No,Yes,No,No,No
PMC10159681,No,No,Yes,No,No,No
PMC10165296,No,No,Yes,No,No,No
PMC10165532,Yes,No,No,Yes,No,No
PMC10170273,Yes,No,No,Yes,No,No
PMC10174551,Yes,Yes,No,No,No,Yes
PMC10175099,No,No,Yes,No,No,No
PMC10183695,No,No,Yes,No,No,No
PMC10183872,No,No,Yes,No,No,No
PMC10184470,No,No,Yes,No,No,No
PMC10184569,No,No,Yes,No,No,No
PMC10185636,Yes,No,No,Yes,No,No
PMC10190028,No,No,Yes,No,No,No
PMC10191384,No,No,Yes,No,No,No
PMC10191445,Yes,No,No,Yes,No,No
PMC10191828,No,No,Yes,No,No,No
PMC10192934,Yes,No,No,Yes,No,No
PMC10195748,No,No,Yes,No,No,No
PMC10197989,No,No,Yes,No,No,No
PMC10199163,Yes,No,No,Yes,No,No
PMC10199299,No,No,Yes,No,No,No
PMC10199413,Yes,No,No,Yes,No,No
PMC10202637,No,No,Yes,No,No,No
PMC10202705,Yes,No,No,Yes,No,No
PMC10207730,No,No,Yes,No,No,No
PMC10208253,No,No,Yes,No,No,No
PMC10212001,Yes,No,No,Yes,No,No
PMC10214058,Yes,No,No,Yes,No,No
PMC10214766,No,No,Yes,No,No,No
PMC10220509,Yes,No,No,Yes,No,No
PMC10228240,Yes,No,No,Yes,No,No
PMC10233284,No,No,Yes,No,No,No
PMC10235219,Yes,No,No,Yes,No,No
PMC10236348,No,No,Yes,No,No,No
PMC10239131,Yes,No,No,Yes,No,No
PMC10249544,No,No,Yes,No,No,No
PMC10249943,Yes,No,No,Yes,No,No
PMC10254105,No,No,Yes,No,No,No
PMC10256890,Yes,No,No,Yes,No,No
PMC10257380,Yes,No,No,Yes,No,No
PMC10258225,No,No,Yes,No,No,No
PMC10260256,No,No,Yes,No,No,No
PMC10260708,Yes,No,No,Yes,No,No
PMC10262660,No,No,Yes,No,No,No
PMC10264166,No,No,Yes,No,No,No
PMC10268549,Yes,No,No,Yes,No,No
PMC10270711,Yes,No,No,Yes,No,No
PMC10272674,No,No,Yes,No,No,No
PMC10272937,No,No,Yes,No,No,No
PMC10273194,Yes,No,No,Yes,No,No
PMC10273540,Yes,No,No,Yes,No,No
PMC10280272,No,No,Yes,No,No,No
PMC10281452,Yes,No,No,Yes,No,No
PMC10281551,Yes,No,No,Yes,No,No
PMC10282650,Yes,No,No,Yes,No,No
PMC10283114,Yes,No,No,Yes,No,No
PMC10284593,Yes,No,No,Yes,No,No
PMC10285366,No,No,Yes,No,No,No
PMC10290467,Yes,No,No,Yes,No,No
PMC10293104,No,No,Yes,No,No,No
PMC10293340,Yes,No,No,Yes,No,No
PMC10311696,Yes,No,No,Yes,No,No
PMC10316696,Yes,Yes,No,No,No,Yes
PMC10319989,Yes,No,No,Yes,No,No
PMC10320816,No,No,Yes,No,No,No
PMC10323046,No,No,Yes,No,No,No
PMC10323699,Yes,No,No,Yes,No,No
PMC10324588,No,No,Yes,No,No,No
PMC10326227,No,No,Yes,No,No,No
PMC10330210,No,No,Yes,No,No,No
PMC10330367,No,No,Yes,No,No,No
PMC10331222,Yes,No,No,Yes,No,No
PMC10332336,No,No,Yes,No,No,No
PMC10334948,Yes,No,No,Yes,No,No
PMC10335059,No,No,Yes,No,No,No
PMC10335905,No,No,Yes,No,No,No
PMC10348695,No,No,Yes,No,No,No
PMC10348822,Yes,No,No,Yes,No,No
PMC10348884,Yes,No,No,Yes,No,No
PMC10353031,No,No,Yes,No,No,No
PMC10354720,No,No,Yes,No,No,No
PMC10354858,Yes,No,No,Yes,No,No
PMC10356833,Yes,No,No,Yes,No,No
PMC10356903,Yes,No,No,Yes,No,No
PMC10359547,Yes,No,No,Yes,No,No
PMC10360075,Yes,No,No,Yes,No,No
PMC10361873,No,No,Yes,No,No,No
PMC10363521,Yes,No,No,Yes,No,No
PMC10364915,Yes,No,No,Yes,No,No
PMC10365090,Yes,No,No,Yes,No,No
PMC10365278,Yes,No,No,Yes,No,No
PMC10367125,Yes,Yes,No,No,No,Yes
PMC10372900,Yes,No,No,Yes,No,No
PMC10373320,Yes,No,No,Yes,No,No
PMC10373800,No,No,Yes,No,No,No
PMC10374349,Yes,No,No,Yes,No,No
PMC10386986,Yes,No,No,Yes,No,No
PMC10387761,No,No,Yes,No,No,No
PMC10390319,No,No,Yes,No,No,No
PMC10391268,No,No,Yes,No,No,No
PMC10392020,Yes,No,No,Yes,No,No
PMC10394424,No,No,Yes,No,No,No
PMC10397649,No,No,Yes,No,No,No
PMC10400152,Yes,No,No,Yes,No,No
PMC10402395,Yes,No,No,Yes,No,No
PMC10403241,Yes,No,No,Yes,No,No
PMC10403445,No,No,Yes,No,No,No
PMC10404570,No,No,Yes,No,No,No
PMC10407326,Yes,No,No,Yes,No,No
PMC10408709,No,No,Yes,No,No,No
PMC10409381,Yes,No,No,Yes,No,No
PMC10421878,No,No,Yes,No,No,No
PMC10423541,Yes,No,No,Yes,No,No
PMC10425526,Yes,No,No,Yes,No,No
PMC10426409,No,No,Yes,No,No,No
PMC10438915,Yes,No,No,Yes,No,No
PMC10439832,No,No,Yes,No,No,No
PMC10441000,Yes,Yes,No,No,No,Yes
PMC10446008,No,No,Yes,No,No,No
PMC10447347,Yes,No,No,Yes,No,No
PMC10449001,No,No,Yes,No,No,No
PMC10450242,Yes,No,No,Yes,No,No
PMC10457559,Yes,No,No,Yes,No,No
PMC10461732,Yes,No,No,Yes,No,No
PMC10461941,Yes,No,No,Yes,No,No
PMC10468292,Yes,No,No,Yes,No,No
PMC10473108,Yes,No,No,Yes,No,No
PMC10476493,Yes,No,No,Yes,No,No
PMC10479582,No,No,Yes,No,No,No
PMC10482137,No,No,Yes,No,No,No
PMC10483409,No,No,Yes,No,No,No
PMC10483417,No,No,Yes,No,No,No
PMC10483879,Yes,Yes,No,No,No,Yes
PMC10485719,No,No,Yes,No,No,No
PMC10492341,Yes,No,No,Yes,No,No
PMC10497895,Yes,No,No,Yes,No,No
PMC10497900,Yes,No,No,Yes,No,No
PMC10502289,No,No,Yes,No,No,No
PMC10504549,No,No,Yes,No,No,No
PMC10506769,No,No,Yes,No,No,No
PMC10509314,Yes,No,No,Yes,No,No
PMC10510345,No,No,Yes,No,No,No
PMC10510804,Yes,No,No,Yes,No,No
PMC10513309,No,No,Yes,No,No,No
PMC10514010,No,No,Yes,No,No,No
PMC10514394,No,No,Yes,No,No,No
PMC10518520,Yes,No,No,Yes,No,No
PMC10519338,No,No,Yes,No,No,No
PMC10521362,No,No,Yes,No,No,No
PMC10521739,No,No,Yes,No,No,No
PMC10524297,No,No,Yes,No,No,No
PMC10528923,Yes,No,No,Yes,No,No
PMC10529501,Yes,No,No,Yes,No,No
PMC10533447,No,No,Yes,No,No,No
PMC10541796,Yes,Yes,No,No,No,Yes
PMC10544245,No,No,Yes,No,No,No
PMC10544640,No,No,Yes,No,No,No
PMC10546501,Yes,No,No,Yes,No,No
PMC10549471,Yes,No,No,Yes,No,No
PMC10550096,No,No,Yes,No,No,No
PMC10551394,No,No,Yes,No,No,No
PMC10560153,Yes,No,No,Yes,No,No
PMC10562350,No,No,Yes,No,No,No
PMC10563813,Yes,No,No,Yes,No,No
PMC10564812,Yes,No,No,Yes,No,No
PMC10565313,No,No,Yes,No,No,No
PMC10566804,No,No,Yes,No,No,No
PMC10567832,No,No,Yes,No,No,No
PMC10570143,No,No,Yes,No,No,No
PMC10571406,Yes,No,No,Yes,No,No
PMC10577182,No,No,Yes,No,No,No
PMC10577262,No,No,Yes,No,No,No
PMC10579490,Yes,No,No,Yes,No,No
PMC10581726,Yes,No,No,Yes,No,No
PMC10582876,No,No,Yes,No,No,No
PMC10583101,Yes,No,No,Yes,No,No
PMC10583839,Yes,No,No,Yes,No,No
PMC10584300,Yes,No,No,Yes,No,No
PMC10584742,Yes,No,No,Yes,No,No
PMC10584957,Yes,No,No,Yes,No,No
PMC10587874,Yes,No,No,Yes,No,No
PMC10587899,No,No,Yes,No,No,No
PMC10589430,Yes,No,No,Yes,No,No
PMC10591262,No,No,Yes,No,No,No
PMC10591351,Yes,No,No,Yes,No,No
PMC10591370,Yes,No,No,Yes,No,No
PMC10594409,Yes,No,No,Yes,No,No
PMC1059711,No,No,Yes,No,No,No
PMC10600209,Yes,No,No,Yes,No,No
PMC10600631,No,No,Yes,No,No,No
PMC10600917,Yes,Yes,No,No,No,Yes
PMC10601590,Yes,No,No,Yes,No,No
PMC10603766,Yes,Yes,No,No,No,Yes
PMC10611569,Yes,No,No,Yes,No,No
PMC10621606,Yes,No,No,Yes,No,No
PMC10623774,No,No,Yes,No,No,No
PMC10624960,No,No,Yes,No,No,No
PMC10627450,Yes,No,No,Yes,No,No
PMC10628771,Yes,No,No,Yes,No,No
PMC10629992,No,No,Yes,No,No,No
PMC10631226,Yes,No,No,Yes,No,No
PMC10632826,No,No,Yes,No,No,No
PMC10637405,Yes,No,No,Yes,No,No
PMC10641561,Yes,No,No,Yes,No,No
PMC10645600,No,No,Yes,No,No,No
PMC10646597,Yes,No,No,Yes,No,No
PMC10646871,Yes,Yes,No,No,No,Yes
PMC10651383,Yes,No,No,Yes,No,No
PMC10653424,Yes,Yes,No,No,No,Yes
PMC10655164,No,No,Yes,No,No,No
PMC10657228,No,No,Yes,No,No,No
PMC10657493,Yes,No,No,Yes,No,No
PMC10659119,Yes,Yes,No,No,No,Yes
PMC10660535,Yes,No,No,Yes,No,No
PMC10661046,No,No,Yes,No,No,No
PMC10662376,Yes,No,No,Yes,No,No
PMC10662663,Yes,No,No,Yes,No,No
PMC10664204,No,No,Yes,No,No,No
PMC10673622,No,No,Yes,No,No,No
PMC10673642,Yes,Yes,No,No,No,Yes
PMC10676665,No,No,Yes,No,No,No
PMC10678814,Yes,No,No,Yes,No,No
PMC10684096,Yes,Yes,No,No,No,Yes
PMC10686164,Yes,No,No,Yes,No,No
PMC10686794,Yes,No,No,Yes,No,No
PMC10692015,No,No,Yes,No,No,No
PMC10692030,Yes,No,No,Yes,No,No
PMC10693265,No,No,Yes,No,No,No
PMC10695064,No,No,Yes,No,No,No
PMC10696344,No,No,Yes,No,No,No
PMC10698504,Yes,No,No,Yes,No,No
PMC10698944,No,No,Yes,No,No,No
PMC10700010,Yes,No,No,Yes,No,No
PMC10700043,Yes,No,No,Yes,No,No
PMC10701151,No,No,Yes,No,No,No
PMC10709126,Yes,No,No,Yes,No,No
PMC10711038,No,No,Yes,No,No,No
PMC10711801,Yes,No,No,Yes,No,No
PMC10712608,No,No,Yes,No,No,No
PMC10713341,No,No,Yes,No,No,No
PMC10715610,No,No,Yes,No,No,No
PMC10715621,No,No,Yes,No,No,No
PMC10716825,Yes,Yes,No,No,Yes,Yes
PMC10729736,No,No,Yes,No,No,No
PMC10730242,Yes,No,No,Yes,No,No
PMC10730368,Yes,No,No,Yes,No,No
PMC10730818,Yes,Yes,No,No,Yes,Yes
PMC10731096,Yes,No,No,Yes,No,No
PMC10731339,No,No,Yes,No,No,No
PMC10732782,Yes,No,No,Yes,No,No
PMC10742204,Yes,No,No,Yes,No,No
PMC10749391,No,No,Yes,No,No,No
PMC10750310,No,No,Yes,No,No,No
PMC10750855,No,No,Yes,No,No,No
PMC10751997,Yes,No,No,Yes,No,No
PMC10752623,No,No,Yes,No,No,No
PMC10752691,Yes,No,No,Yes,No,No
PMC10754391,No,No,Yes,No,No,No
PMC10755598,Yes,No,No,Yes,No,No
PMC10756428,No,No,Yes,No,No,No
PMC10757494,Yes,No,No,Yes,No,No
PMC10757779,Yes,No,No,Yes,No,No
PMC10759218,No,No,Yes,No,No,No
PMC10762911,Yes,Yes,No,No,No,Yes
PMC10763875,Yes,No,No,Yes,No,No
PMC10763880,No,No,Yes,No,No,No
PMC10765129,Yes,No,No,Yes,No,No
PMC10768930,No,No,Yes,No,No,No
PMC10770810,Yes,No,No,Yes,No,No
PMC10776382,Yes,Yes,No,No,No,Yes
PMC10776828,No,No,Yes,No,No,No
PMC10777723,No,No,Yes,No,No,No
PMC10783149,Yes,Yes,No,No,No,Yes
PMC10785245,No,No,Yes,No,No,No
PMC10785418,Yes,No,No,Yes,No,No
PMC10785655,Yes,No,No,Yes,No,No
PMC10785999,No,No,Yes,No,No,No
PMC10787686,No,No,Yes,No,No,No
PMC10788551,Yes,No,No,Yes,No,No
PMC10788651,No,No,Yes,No,No,No
PMC10790350,No,No,Yes,No,No,No
PMC10790801,No,No,Yes,No,No,No
PMC10791584,Yes,No,No,Yes,No,No
PMC10793204,No,No,Yes,No,No,No
PMC10801222,Yes,No,No,Yes,No,No
PMC10801628,No,No,Yes,No,No,No
PMC10802079,Yes,No,No,Yes,No,No
PMC10806454,No,No,Yes,No,No,No
PMC10807651,Yes,No,No,Yes,No,No
PMC10809119,No,No,Yes,No,No,No
PMC10811384,No,No,Yes,No,No,No
PMC10812085,No,No,Yes,No,No,No
PMC10812839,Yes,No,No,Yes,No,No
PMC10817774,Yes,No,No,Yes,No,No
PMC10818795,Yes,No,No,Yes,No,No
PMC10821710,Yes,Yes,No,No,No,Yes
PMC10825437,Yes,No,No,Yes,No,No
PMC10826007,Yes,No,No,Yes,No,No
PMC10826311,Yes,No,No,Yes,No,No
PMC10827988,No,No,Yes,No,No,No
PMC10829610,Yes,No,No,Yes,No,No
PMC10831370,No,No,Yes,No,No,No
PMC10833344,Yes,No,No,Yes,No,No
PMC10834286,No,No,Yes,No,No,No
PMC10834861,No,No,Yes,No,No,No
PMC10836572,Yes,No,No,Yes,No,No
PMC10837709,Yes,No,No,Yes,No,No
PMC10842950,Yes,No,No,Yes,No,No
PMC10844720,No,No,Yes,No,No,No
PMC10844726,No,No,Yes,No,No,No
PMC10846766,Yes,No,No,Yes,No,No
PMC10849178,No,No,Yes,No,No,No
PMC10850196,Yes,No,No,Yes,No,No
PMC10850446,No,No,Yes,No,No,No
PMC10851337,No,No,Yes,No,No,No
PMC10854032,No,No,Yes,No,No,No
PMC10854473,Yes,No,No,Yes,No,No
PMC10859831,No,No,Yes,No,No,No
PMC10860211,No,No,Yes,No,No,No
PMC10863974,No,No,Yes,No,No,No
PMC10866031,No,No,Yes,No,No,No
PMC10866619,No,No,Yes,No,No,No
PMC10866992,No,No,Yes,No,No,No
PMC10868566,No,No,Yes,No,No,No
PMC10869931,Yes,No,No,Yes,No,No
PMC10871551,No,No,Yes,No,No,No
PMC10871671,Yes,No,No,Yes,No,No
PMC10872966,Yes,No,No,Yes,No,No
PMC10873872,Yes,No,No,Yes,No,No
PMC10875838,Yes,No,No,Yes,No,No
PMC10878338,Yes,No,No,Yes,No,No
PMC10878443,Yes,No,No,Yes,No,No
PMC1088174,No,No,Yes,No,No,No
PMC10891085,Yes,No,No,Yes,No,No
PMC10894700,No,No,Yes,No,No,No
PMC10896073,No,No,Yes,No,No,No
PMC10896941,Yes,No,No,Yes,No,No
PMC10898330,Yes,No,No,Yes,No,No
PMC10900714,Yes,No,No,Yes,No,No
PMC10905557,No,No,Yes,No,No,No
PMC10906064,No,No,Yes,No,No,No
PMC10906512,Yes,No,No,Yes,No,No
PMC10908319,No,No,Yes,No,No,No
PMC10909452,No,No,Yes,No,No,No
PMC10910992,No,No,Yes,No,No,No
PMC10911101,No,No,Yes,No,No,No
PMC10914126,No,No,Yes,No,No,No
PMC10915525,No,No,Yes,No,No,No
PMC10921274,No,No,Yes,No,No,No
PMC10926267,Yes,No,No,Yes,No,No
PMC10926509,No,No,Yes,No,No,No
PMC10933352,Yes,No,No,Yes,No,No
PMC10933582,No,No,Yes,No,No,No
PMC10936343,No,No,Yes,No,No,No
PMC10940799,No,No,Yes,No,No,No
PMC10940896,Yes,Yes,No,No,Yes,Yes
PMC10944702,No,No,Yes,No,No,No
PMC10946187,No,No,Yes,No,No,No
PMC10947200,Yes,No,No,Yes,No,No
PMC10947221,No,No,Yes,No,No,No
PMC10947877,Yes,No,No,Yes,No,No
PMC10948976,Yes,No,No,Yes,No,No
PMC10949101,Yes,No,No,Yes,No,No
PMC10951626,No,No,Yes,No,No,No
PMC10951698,Yes,No,No,Yes,No,No
PMC10952803,No,No,Yes,No,No,No
PMC10958995,No,No,Yes,No,No,No
PMC10959883,Yes,No,No,Yes,No,No
PMC10961794,Yes,No,No,Yes,No,No
PMC10961971,No,No,Yes,No,No,No
PMC10962643,No,No,Yes,No,No,No
PMC10963355,No,No,Yes,No,No,No
PMC10963864,Yes,No,No,Yes,No,No
PMC10963913,No,No,Yes,No,No,No
PMC10965200,No,No,Yes,No,No,No
PMC10966957,No,No,Yes,No,No,No
PMC10973632,No,No,Yes,No,No,No
PMC10976492,Yes,No,No,Yes,No,No
PMC10976575,No,No,Yes,No,No,No
PMC10977650,No,No,Yes,No,No,No
PMC10978911,Yes,No,No,Yes,No,No
PMC10981793,No,No,Yes,No,No,No
PMC10992653,No,No,Yes,No,No,No
PMC10996401,Yes,No,No,Yes,No,No
PMC10997841,Yes,No,No,Yes,No,No
PMC10997922,No,No,Yes,No,No,No
PMC11001700,No,No,Yes,No,No,No
PMC11003344,No,No,Yes,No,No,No
PMC11006323,No,No,Yes,No,No,No
PMC11006506,No,No,Yes,No,No,No
PMC11006770,Yes,No,No,Yes,No,No
PMC11008515,No,No,Yes,No,No,No
PMC11008999,Yes,No,No,Yes,No,No
PMC11016367,Yes,No,No,Yes,No,No
PMC11018039,Yes,No,No,Yes,No,No
PMC11018089,No,No,Yes,No,No,No
PMC11018530,No,No,Yes,No,No,No
PMC11019468,No,No,Yes,No,No,No
PMC11019713,No,No,Yes,No,No,No
PMC11020437,No,No,Yes,No,No,No
PMC11022456,No,No,Yes,No,No,No
PMC11029226,Yes,No,No,Yes,No,No
PMC11032118,No,No,Yes,No,No,No
PMC11032419,No,No,Yes,No,No,No
PMC11033539,No,No,Yes,No,No,No
PMC11034027,Yes,Yes,No,No,No,Yes
PMC11035075,Yes,No,No,Yes,No,No
PMC11041455,Yes,No,No,Yes,No,No
PMC11042903,Yes,No,No,Yes,No,No
PMC11042996,No,No,Yes,No,No,No
PMC11043154,Yes,No,No,Yes,No,No
PMC11043263,Yes,No,No,Yes,No,No
PMC11044033,Yes,No,No,Yes,No,No
PMC11044650,Yes,No,No,Yes,No,No
PMC11060010,No,No,Yes,No,No,No
PMC11060643,No,No,Yes,No,No,No
PMC11061038,Yes,No,No,Yes,No,No
PMC11062309,No,No,Yes,No,No,No
PMC11063621,No,No,Yes,No,No,No
PMC11067286,No,No,Yes,No,No,No
PMC11068507,No,No,Yes,No,No,No
PMC11070644,Yes,No,No,Yes,No,No
PMC11070785,Yes,No,No,Yes,No,No
PMC11073388,No,No,Yes,No,No,No
PMC11075076,Yes,No,No,Yes,No,No
PMC11078767,Yes,No,No,Yes,No,No
PMC11080251,Yes,No,No,Yes,No,No
PMC11083959,No,No,Yes,No,No,No
PMC11089274,Yes,No,No,Yes,No,No
PMC11091272,No,No,Yes,No,No,No
PMC11097004,Yes,No,No,Yes,No,No
PMC11097226,No,No,Yes,No,No,No
PMC11097606,Yes,No,No,Yes,No,No
PMC11098926,No,No,Yes,No,No,No
PMC11099321,Yes,No,No,Yes,No,No
PMC11102825,Yes,No,No,Yes,No,No
PMC11103848,Yes,No,No,Yes,No,No
PMC11105163,No,No,Yes,No,No,No
PMC11106606,Yes,No,No,Yes,No,No
PMC11107893,No,No,Yes,No,No,No
PMC11110913,Yes,No,No,Yes,No,No
PMC11111316,No,No,Yes,No,No,No
PMC11119248,No,No,Yes,No,No,No
PMC11127166,Yes,No,No,Yes,No,No
PMC11130007,Yes,No,No,Yes,No,No
PMC11130104,No,No,Yes,No,No,No
PMC11130814,No,No,Yes,No,No,No
PMC11132944,No,No,Yes,No,No,No
PMC11133043,Yes,No,No,Yes,No,No
PMC11134423,Yes,No,No,Yes,No,No
PMC11136751,No,No,Yes,No,No,No
PMC11137202,No,No,Yes,No,No,No
PMC11140654,Yes,No,No,Yes,No,No
PMC11144061,No,No,Yes,No,No,No
PMC11145170,Yes,No,No,Yes,No,No
PMC11147825,Yes,No,No,Yes,No,No
PMC11148103,Yes,No,No,Yes,No,No
PMC11151701,No,No,Yes,No,No,No
PMC11160936,No,No,Yes,No,No,No
PMC11177714,No,No,Yes,No,No,No
PMC11178609,No,No,Yes,No,No,No
PMC11180436,Yes,No,No,Yes,No,No
PMC11182602,No,No,Yes,No,No,No
PMC11185416,No,No,Yes,No,No,No
PMC11186655,Yes,No,No,Yes,No,No
PMC11192659,Yes,No,No,Yes,No,No
PMC11193207,No,No,Yes,No,No,No
PMC11194920,No,No,Yes,No,No,No
PMC11195425,No,No,Yes,No,No,No
PMC11200702,No,No,Yes,No,No,No
PMC11206671,Yes,No,No,Yes,No,No
PMC11215191,Yes,No,No,Yes,No,No
PMC11215832,Yes,No,No,Yes,No,No
PMC11215837,No,No,Yes,No,No,No
PMC11218700,Yes,No,No,Yes,No,No
PMC11218872,Yes,No,No,Yes,No,No
PMC11220987,Yes,No,No,Yes,No,No
PMC11222207,No,No,Yes,No,No,No
PMC11223784,Yes,Yes,No,No,No,Yes
PMC11224715,Yes,No,No,Yes,No,No
PMC11225949,No,No,Yes,No,No,No
PMC11227463,Yes,No,No,Yes,No,No
PMC11227606,No,No,Yes,No,No,No
PMC11228957,Yes,No,No,Yes,No,No
PMC11229738,Yes,No,No,Yes,No,No
PMC11230954,Yes,No,No,Yes,No,No
PMC11231460,Yes,No,No,Yes,No,No
PMC11235011,No,No,Yes,No,No,No
PMC11235401,Yes,No,No,Yes,No,No
PMC11235715,No,No,Yes,No,No,No
PMC11238428,Yes,Yes,No,No,No,Yes
PMC11241879,No,No,Yes,No,No,No
PMC11246586,Yes,No,No,Yes,No,No
PMC11247394,Yes,No,No,Yes,No,No
PMC11247511,No,No,Yes,No,No,No
PMC11250688,No,No,Yes,No,No,No
PMC11252620,Yes,No,No,Yes,No,No
PMC11254488,No,No,Yes,No,No,No
PMC11258913,Yes,Yes,No,No,Yes,Yes
PMC11259008,No,No,Yes,No,No,No
PMC11260284,No,No,Yes,No,No,No
PMC11261530,Yes,No,No,Yes,No,No
PMC11262258,No,No,Yes,No,No,No
PMC11267879,Yes,No,No,Yes,No,No
PMC11268430,No,No,Yes,No,No,No
PMC11269259,No,No,Yes,No,No,No
PMC11276254,No,No,Yes,No,No,No
PMC11277584,No,No,Yes,No,No,No
PMC11278897,Yes,No,No,Yes,No,No
PMC11281870,Yes,No,No,Yes,No,No
PMC11282333,Yes,No,No,Yes,No,No
PMC11285060,Yes,No,No,Yes,No,No
PMC11286713,Yes,No,No,Yes,No,No
PMC11287434,Yes,No,No,Yes,No,No
PMC11293250,Yes,No,No,Yes,No,No
PMC11294008,No,No,Yes,No,No,No
PMC11294145,Yes,No,No,Yes,No,No
PMC11298155,Yes,No,No,Yes,No,No
PMC11298256,No,No,Yes,No,No,No
PMC11298898,No,No,Yes,No,No,No
PMC11299106,Yes,Yes,No,No,No,Yes
PMC11301899,No,No,Yes,No,No,No
PMC11302958,No,No,Yes,No,No,No
PMC11303506,No,No,Yes,No,No,No
PMC11303978,No,No,Yes,No,No,No
PMC11304399,No,No,Yes,No,No,No
PMC11305163,Yes,No,No,Yes,No,No
PMC11307920,No,No,Yes,No,No,No
PMC11308548,Yes,No,No,Yes,No,No
PMC11309810,No,No,Yes,No,No,No
PMC11315462,No,No,Yes,No,No,No
PMC11316153,No,No,Yes,No,No,No
PMC11316486,Yes,No,No,Yes,No,No
PMC11317056,No,No,Yes,No,No,No
PMC11319202,Yes,No,No,Yes,No,No
PMC11320562,No,No,Yes,No,No,No
PMC11323903,No,No,Yes,No,No,No
PMC11324570,Yes,No,No,Yes,No,No
PMC11327961,No,No,Yes,No,No,No
PMC11329411,Yes,No,No,Yes,No,No
PMC11329529,No,No,Yes,No,No,No
PMC11331371,Yes,No,No,Yes,No,No
PMC11331809,Yes,No,No,Yes,No,No
PMC11333062,No,No,Yes,No,No,No
PMC11334056,Yes,No,No,Yes,No,No
PMC11339377,No,No,Yes,No,No,No
PMC11340644,Yes,Yes,No,No,No,Yes
PMC11340687,No,No,Yes,No,No,No
PMC11342843,No,No,Yes,No,No,No
PMC11343630,No,No,Yes,No,No,No
PMC11345537,Yes,Yes,No,No,No,Yes
PMC11346398,No,No,Yes,No,No,No
PMC11347939,No,No,Yes,No,No,No
PMC11350439,No,No,Yes,No,No,No
PMC11362185,Yes,No,No,Yes,No,No
PMC11363525,Yes,No,No,Yes,No,No
PMC11365929,Yes,No,No,Yes,No,No
PMC11366442,Yes,No,No,Yes,No,No
PMC11366475,Yes,No,No,Yes,No,No
PMC11367350,Yes,No,No,Yes,No,No
PMC11369326,No,No,Yes,No,No,No
PMC11370073,No,No,Yes,No,No,No
PMC11370866,No,No,Yes,No,No,No
PMC11376311,No,No,Yes,No,No,No
PMC11377909,Yes,No,No,Yes,No,No
PMC11378857,No,No,Yes,No,No,No
PMC11379010,Yes,No,No,Yes,No,No
PMC11380895,No,No,Yes,No,No,No
PMC11381049,No,No,Yes,No,No,No
PMC11382266,Yes,No,No,Yes,No,No
PMC11389371,Yes,No,No,Yes,No,No
PMC11392667,No,No,Yes,No,No,No
PMC11404758,Yes,No,No,Yes,No,No
PMC11404989,Yes,No,No,Yes,No,No
PMC11405426,No,No,Yes,No,No,No
PMC11406433,Yes,No,No,Yes,No,No
PMC11406821,No,No,Yes,No,No,No
PMC11409329,Yes,No,No,Yes,No,No
PMC11416394,Yes,No,No,Yes,No,No
PMC11417445,Yes,No,No,Yes,No,No
PMC11417923,Yes,No,No,Yes,No,No
PMC11419334,No,No,Yes,No,No,No
PMC11420553,No,No,Yes,No,No,No
PMC11421626,No,No,Yes,No,No,No
PMC11422134,No,No,Yes,No,No,No
PMC11423353,Yes,Yes,No,No,No,Yes
PMC11423580,No,No,Yes,No,No,No
PMC11423772,No,No,Yes,No,No,No
PMC11423779,Yes,No,No,Yes,No,No
PMC11423862,Yes,No,No,Yes,No,No
PMC11424802,No,No,Yes,No,No,No
PMC11426413,No,No,Yes,No,No,No
PMC11429468,No,No,Yes,No,No,No
PMC11430310,Yes,No,No,Yes,No,No
PMC11431183,Yes,No,No,Yes,No,No
PMC11436382,No,No,Yes,No,No,No
PMC11436411,Yes,No,No,Yes,No,No
PMC11441287,No,No,Yes,No,No,No
PMC11449462,No,No,Yes,No,No,No
PMC11449968,Yes,No,No,Yes,No,No
PMC11451058,Yes,No,No,Yes,No,No
PMC11451087,Yes,No,No,Yes,No,No
PMC11452150,No,No,Yes,No,No,No
PMC11457009,No,No,Yes,No,No,No
PMC11459606,No,No,Yes,No,No,No
PMC11459737,No,No,Yes,No,No,No
PMC11460743,Yes,No,No,Yes,No,No
PMC11461422,No,No,Yes,No,No,No
PMC11461928,No,No,Yes,No,No,No
PMC11462071,No,No,Yes,No,No,No
PMC11462445,Yes,No,No,Yes,No,No
PMC11464570,Yes,No,No,Yes,No,No
PMC11465888,No,No,Yes,No,No,No
PMC11466374,No,No,Yes,No,No,No
PMC11466532,No,No,Yes,No,No,No
PMC11470571,Yes,No,No,Yes,No,No
PMC11472239,No,No,Yes,No,No,No
PMC11472433,Yes,No,No,Yes,No,No
PMC11472749,Yes,No,No,Yes,No,No
PMC11474110,Yes,No,No,Yes,No,No
PMC11474731,No,No,Yes,No,No,No
PMC11476512,Yes,No,No,Yes,No,No
PMC11481599,Yes,No,No,Yes,No,No
PMC11485078,Yes,No,No,Yes,No,No
PMC11488409,Yes,No,No,Yes,No,No
PMC11490133,No,No,Yes,No,No,No
PMC11490577,Yes,No,No,Yes,No,No
PMC11491119,No,No,Yes,No,No,No
PMC11495322,Yes,No,No,Yes,No,No
PMC11500067,No,No,Yes,No,No,No
PMC11503583,Yes,No,No,Yes,No,No
PMC11503672,Yes,No,No,Yes,No,No
PMC11503737,No,No,Yes,No,No,No
PMC11504323,Yes,No,No,Yes,No,No
PMC11508099,No,No,Yes,No,No,No
PMC11509873,Yes,No,No,Yes,No,No
PMC11511687,No,No,Yes,No,No,No
PMC11511836,No,No,Yes,No,No,No
PMC11512451,Yes,Yes,No,No,No,Yes
PMC11518376,No,No,Yes,No,No,No
PMC11518978,No,No,Yes,No,No,No
PMC11519251,Yes,No,No,Yes,No,No
PMC11520244,No,No,Yes,No,No,No
PMC11520667,No,No,Yes,No,No,No
PMC11523727,No,No,Yes,No,No,No
PMC11525099,Yes,No,No,Yes,No,No
PMC11528203,Yes,No,No,Yes,No,No
PMC11531394,No,No,Yes,No,No,No
PMC11531712,Yes,No,No,Yes,No,No
PMC11532731,No,No,Yes,No,No,No
PMC11536289,No,No,Yes,No,No,No
PMC11538109,Yes,No,No,Yes,No,No
PMC11541029,No,No,Yes,No,No,No
PMC11543189,Yes,No,No,Yes,No,No
PMC11543471,Yes,No,No,Yes,No,No
PMC11544410,Yes,No,No,Yes,No,No
PMC11547242,Yes,No,No,Yes,No,No
PMC11547247,Yes,No,No,Yes,No,No
PMC11549684,No,No,Yes,No,No,No
PMC11551872,No,No,Yes,No,No,No
PMC11552361,Yes,No,No,Yes,No,No
PMC11556849,Yes,No,No,Yes,No,No
PMC11557685,No,No,Yes,No,No,No
PMC11557718,No,No,Yes,No,No,No
PMC11558700,Yes,No,No,Yes,No,No
PMC11560808,Yes,No,No,Yes,No,No
PMC11562667,No,No,Yes,No,No,No
PMC11563559,Yes,No,No,Yes,No,No
PMC11566741,No,No,Yes,No,No,No
PMC11569556,Yes,No,No,Yes,No,No
PMC11571247,Yes,No,No,Yes,No,No
PMC11571578,No,No,Yes,No,No,No
PMC11574872,No,No,Yes,No,No,No
PMC11574921,Yes,No,No,Yes,No,No
PMC11581143,No,No,Yes,No,No,No
PMC11581825,No,No,Yes,No,No,No
PMC11583843,No,No,Yes,No,No,No
PMC11584160,Yes,No,No,Yes,No,No
PMC11584240,Yes,No,No,Yes,No,No
PMC11587024,Yes,No,No,Yes,No,No
PMC11590401,Yes,No,No,Yes,No,No
PMC11593753,Yes,No,No,Yes,No,No
PMC11596251,Yes,No,No,Yes,No,No
PMC11596888,No,No,Yes,No,No,No
PMC11598409,Yes,No,No,Yes,No,No
PMC11599990,No,No,Yes,No,No,No
PMC11601023,Yes,No,No,Yes,No,No
PMC11601025,Yes,No,No,Yes,No,No
PMC11604695,No,No,Yes,No,No,No
PMC11605305,Yes,No,No,Yes,No,No
PMC11605997,Yes,No,No,Yes,No,No
PMC11606396,Yes,No,No,Yes,No,No
PMC11607304,Yes,No,No,Yes,No,No
PMC11609115,No,No,Yes,No,No,No
PMC11609703,No,No,Yes,No,No,No
PMC11610927,No,No,Yes,No,No,No
PMC11611049,No,No,Yes,No,No,No
PMC11612356,Yes,No,No,Yes,No,No
PMC11612547,No,No,Yes,No,No,No
PMC11613066,Yes,No,No,Yes,No,No
PMC11613144,No,No,Yes,No,No,No
PMC11613580,No,No,Yes,No,No,No
PMC11613598,No,No,Yes,No,No,No
PMC11616316,Yes,No,No,Yes,No,No
PMC11616947,Yes,No,No,Yes,No,No
PMC11617237,No,No,Yes,No,No,No
PMC11617847,Yes,No,No,Yes,No,No
PMC11620855,Yes,No,No,Yes,No,No
PMC11623027,Yes,No,No,Yes,No,No
PMC11624344,No,No,Yes,No,No,No
PMC11625410,Yes,No,No,Yes,No,No
PMC11629217,Yes,No,No,Yes,No,No
PMC11629552,Yes,No,No,Yes,No,No
PMC11629979,Yes,Yes,No,No,No,Yes
PMC11631021,Yes,No,No,Yes,No,No
PMC11633021,No,No,Yes,No,No,No
PMC11633244,No,No,Yes,No,No,No
PMC11638597,Yes,No,No,Yes,No,No
PMC11638990,Yes,No,No,Yes,No,No
PMC11645336,No,No,Yes,No,No,No
PMC11646817,No,No,Yes,No,No,No
PMC11647999,Yes,No,No,Yes,No,No
PMC11648505,Yes,No,No,Yes,No,No
PMC11649065,No,No,Yes,No,No,No
PMC11652966,No,No,Yes,No,No,No
PMC11653894,Yes,Yes,No,No,No,Yes
PMC11654828,Yes,No,No,Yes,No,No
PMC11655100,Yes,No,No,Yes,No,No
PMC11655905,Yes,No,No,Yes,No,No
PMC11659980,Yes,Yes,No,No,Yes,Yes
PMC11659981,Yes,Yes,No,No,No,Yes
PMC11661535,No,No,Yes,No,No,No
PMC11662059,Yes,No,No,Yes,No,No
PMC11662983,No,No,Yes,No,No,No
PMC11664464,No,No,Yes,No,No,No
PMC11664873,Yes,No,No,Yes,No,No
PMC11666122,No,No,Yes,No,No,No
PMC11666702,Yes,No,No,Yes,No,No
PMC11667899,No,No,Yes,No,No,No
PMC11669784,No,No,Yes,No,No,No
PMC11670673,No,No,Yes,No,No,No
PMC11671080,No,No,Yes,No,No,No
PMC11672497,No,No,Yes,No,No,No
PMC11673434,No,No,Yes,No,No,No
PMC11673733,No,No,Yes,No,No,No
PMC11679129,Yes,No,No,Yes,No,No
PMC11680151,No,No,Yes,No,No,No
PMC11683696,Yes,No,No,Yes,No,No
PMC11684284,Yes,No,No,Yes,No,No
PMC11685522,No,No,Yes,No,No,No
PMC11688203,No,No,Yes,No,No,No
PMC11693621,Yes,No,No,Yes,No,No
PMC11697584,No,No,Yes,No,No,No
PMC11699846,No,No,Yes,No,No,No
PMC11700395,Yes,No,No,Yes,No,No
PMC11700601,No,No,Yes,No,No,No
PMC11700910,No,No,Yes,No,No,No
PMC11701861,Yes,No,No,Yes,No,No
PMC11701911,Yes,No,No,Yes,No,No
PMC11703125,No,No,Yes,No,No,No
PMC11704373,No,No,Yes,No,No,No
PMC11705500,Yes,No,No,Yes,No,No
PMC11707953,Yes,No,No,Yes,No,No
PMC11708284,No,No,Yes,No,No,No
PMC11711536,Yes,No,No,Yes,No,No
PMC11711949,No,No,Yes,No,No,No
PMC11712017,Yes,No,No,Yes,No,No
PMC11712091,No,No,Yes,No,No,No
PMC11717344,No,No,Yes,No,No,No
PMC11720685,No,No,Yes,No,No,No
PMC11726131,Yes,No,No,Yes,No,No
PMC11729707,No,No,Yes,No,No,No
PMC11729782,No,No,Yes,No,No,No
PMC11730357,Yes,No,No,Yes,No,No
PMC11731696,Yes,No,No,Yes,No,No
PMC11733900,Yes,No,No,Yes,No,No
PMC11734293,Yes,Yes,No,No,No,Yes
PMC11735189,No,No,Yes,No,No,No
PMC11736685,No,No,Yes,No,No,No
PMC11738472,No,No,Yes,No,No,No
PMC11739212,Yes,No,No,Yes,No,No
PMC11739678,No,No,Yes,No,No,No
PMC11740851,No,No,Yes,No,No,No
PMC11741909,No,No,Yes,No,No,No
PMC11742043,Yes,No,No,Yes,No,No
PMC11743901,No,No,Yes,No,No,No
PMC11744444,No,No,Yes,No,No,No
PMC11745446,No,No,Yes,No,No,No
PMC11747270,Yes,No,No,Yes,No,No
PMC11748145,No,No,Yes,No,No,No
PMC11748892,No,No,Yes,No,No,No
PMC11750002,No,No,Yes,No,No,No
PMC11750058,No,No,Yes,No,No,No
PMC11750573,Yes,No,No,Yes,No,No
PMC11751442,Yes,No,No,Yes,No,No
PMC11756513,Yes,No,No,Yes,No,No
PMC11760114,Yes,No,No,Yes,No,No
PMC11762205,Yes,No,No,Yes,No,No
PMC11764040,No,No,Yes,No,No,No
PMC11764147,Yes,No,No,Yes,No,No
PMC11764930,Yes,No,No,Yes,No,No
PMC11768674,No,No,Yes,No,No,No
PMC11770470,No,No,Yes,No,No,No
PMC11770601,No,No,Yes,No,No,No
PMC11775569,Yes,No,No,Yes,No,No
PMC11776378,No,No,Yes,No,No,No
PMC11778366,No,No,Yes,No,No,No
PMC11780676,No,No,Yes,No,No,No
PMC11781588,No,No,Yes,No,No,No
PMC11781752,Yes,No,No,Yes,No,No
PMC11784111,No,No,Yes,No,No,No
PMC11784605,No,No,Yes,No,No,No
PMC11784618,No,No,Yes,No,No,No
PMC11785850,No,No,Yes,No,No,No
PMC11787725,No,No,Yes,No,No,No
PMC11788687,No,No,Yes,No,No,No
PMC11789348,Yes,No,No,Yes,No,No
PMC11789630,Yes,No,No,Yes,No,No
PMC11790701,No,No,Yes,No,No,No
PMC11791183,Yes,No,No,Yes,No,No
PMC11794454,No,No,Yes,No,No,No
PMC11795234,Yes,No,No,Yes,No,No
PMC11795679,Yes,No,No,Yes,No,No
PMC11796228,No,No,Yes,No,No,No
PMC11798724,No,No,Yes,No,No,No
PMC11800306,No,No,Yes,No,No,No
PMC11803288,Yes,No,No,Yes,No,No
PMC11803684,Yes,No,No,Yes,No,No
PMC11804240,Yes,No,No,Yes,No,No
PMC11806126,Yes,No,No,Yes,No,No
PMC11806318,Yes,No,No,Yes,No,No
PMC11806858,Yes,No,No,Yes,No,No
PMC11810517,No,No,Yes,No,No,No
PMC11811528,Yes,Yes,No,No,No,Yes
PMC11811636,No,No,Yes,No,No,No
PMC11812576,No,No,Yes,No,No,No
PMC11812833,No,No,Yes,No,No,No
PMC11813208,No,No,Yes,No,No,No
PMC11816309,No,No,Yes,No,No,No
PMC11816797,Yes,Yes,No,No,No,Yes
PMC11821569,Yes,No,No,Yes,No,No
PMC11821719,Yes,No,No,Yes,No,No
PMC11822424,No,No,Yes,No,No,No
PMC11823220,Yes,No,No,Yes,No,No
PMC11823551,No,No,Yes,No,No,No
PMC11825548,No,No,Yes,No,No,No
PMC11825563,No,No,Yes,No,No,No
PMC11829134,Yes,No,No,Yes,No,No
PMC11829161,No,No,Yes,No,No,No
PMC11832760,No,No,Yes,No,No,No
PMC11834761,No,No,Yes,No,No,No
PMC11835039,No,No,Yes,No,No,No
PMC11836835,Yes,No,No,Yes,No,No
PMC11837757,Yes,Yes,No,No,No,Yes
PMC11841140,Yes,No,No,Yes,No,No
PMC11842623,No,No,Yes,No,No,No
PMC11843979,Yes,No,No,Yes,No,No
PMC11845296,Yes,No,No,Yes,No,No
PMC11846443,No,No,Yes,No,No,No
PMC11849444,Yes,No,No,Yes,No,No
PMC11849712,Yes,No,No,Yes,No,No
PMC11850473,Yes,No,No,Yes,No,No
PMC11850780,Yes,No,No,Yes,No,No
PMC11851125,Yes,Yes,No,No,No,Yes
PMC11851764,Yes,No,No,Yes,No,No
PMC11858721,Yes,No,No,Yes,No,No
PMC11860222,Yes,No,No,Yes,No,No
PMC11861135,No,No,Yes,No,No,No
PMC11864258,Yes,No,No,Yes,No,No
PMC11864393,Yes,No,No,Yes,No,No
PMC11865635,Yes,No,No,Yes,No,No
PMC11866537,Yes,No,No,Yes,No,No
PMC11866650,Yes,No,No,Yes,No,No
PMC11868997,No,No,Yes,No,No,No
PMC11869764,Yes,No,No,Yes,No,No
PMC11870305,Yes,No,Yes,Yes,No,No
PMC11872868,Yes,No,No,Yes,No,No
PMC11873324,No,No,Yes,No,No,No
PMC11874791,Yes,No,No,Yes,No,No
PMC11876229,Yes,No,No,Yes,No,No
PMC11878660,No,No,Yes,No,No,No
PMC11878767,Yes,Yes,No,No,No,Yes
PMC11879920,No,No,Yes,No,No,No
PMC11880073,Yes,No,No,Yes,No,No
PMC11882137,Yes,No,No,Yes,No,No
PMC11882655,No,No,Yes,No,No,No
PMC11882701,No,No,Yes,No,No,No
PMC11884440,Yes,No,No,Yes,No,No
PMC11885362,No,No,Yes,No,No,No
PMC11886321,Yes,No,No,Yes,No,No
PMC11888811,No,No,Yes,No,No,No
PMC11889009,Yes,No,No,Yes,No,No
PMC11889042,No,No,Yes,No,No,No
PMC11889284,No,No,Yes,No,No,No
PMC11890425,Yes,No,No,Yes,No,No
PMC11891141,Yes,No,No,Yes,No,No
PMC11891283,No,No,Yes,No,No,No
PMC11893473,Yes,No,No,Yes,No,No
PMC11897427,No,No,No,No,No,Yes
PMC11899152,Yes,No,No,Yes,No,No
PMC11899596,Yes,Yes,No,No,Yes,Yes
PMC11904180,Yes,No,No,Yes,No,No
PMC11907562,Yes,No,No,Yes,No,No
PMC11909049,Yes,No,No,Yes,No,No
PMC11909406,No,No,Yes,No,No,No
PMC11909817,No,No,Yes,No,No,No
PMC11911716,No,No,Yes,No,No,No
PMC11912559,Yes,Yes,No,No,No,Yes
PMC11912617,Yes,No,No,Yes,No,No
PMC11917499,No,No,Yes,No,No,No
PMC11920404,No,No,Yes,No,No,No
PMC11922705,Yes,No,No,Yes,No,No
PMC11923905,Yes,No,No,Yes,No,No
PMC11927397,Yes,Yes,No,No,No,Yes
PMC11940444,Yes,Yes,No,No,No,Yes
PMC11945317,Yes,Yes,No,No,No,Yes
PMC11959188,Yes,Yes,No,No,No,Yes
PMC12056507,Yes,Yes,No,No,No,Yes
PMC12077394,Yes,Yes,No,No,No,Yes
PMC12077397,Yes,Yes,No,No,No,Yes
PMC12080225,Yes,Yes,No,No,No,Yes
PMC12087453,Yes,Yes,No,No,No,Yes
PMC12099614,Yes,Yes,No,No,No,Yes
PMC12153353,Yes,Yes,No,No,No,Yes
PMC12206155,Yes,Yes,No,No,No,Yes
PMC12262795,No,No,No,No,No,Yes
PMC12365963,Yes,Yes,No,No,No,Yes
PMC12366053,Yes,Yes,No,No,Yes,Yes
PMC12398281,Yes,Yes,No,No,No,Yes
PMC12530094,Yes,Yes,No,No,No,Yes
PMC12532321,Yes,Yes,No,No,No,Yes
PMC12532322,Yes,Yes,No,No,No,Yes
PMC12569769,Yes,Yes,No,No,No,Yes
PMC12596181,Yes,Yes,No,No,No,Yes
PMC12690466,No,No,No,No,No,Yes
PMC12824728,No,No,No,No,No,Yes
PMC1421405,Yes,No,No,Yes,No,No
PMC1421439,Yes,Yes,No,No,No,Yes
PMC1602228,Yes,No,No,Yes,No,No
PMC1743670,No,No,Yes,No,No,No
PMC1765759,No,No,Yes,No,No,No
PMC1769396,No,No,Yes,No,No,No
PMC1847686,Yes,Yes,No,No,No,Yes
PMC1892091,Yes,Yes,No,No,No,Yes
PMC1933428,No,No,Yes,No,No,No
PMC1950907,No,No,Yes,No,No,No
PMC1993824,Yes,No,No,Yes,No,No
PMC2031763,No,No,Yes,No,No,No
PMC2084382,No,No,Yes,No,No,No
PMC2213690,Yes,Yes,No,No,No,Yes
PMC2275242,Yes,Yes,No,No,No,Yes
PMC2448385,No,No,Yes,No,No,No
PMC2545388,No,No,Yes,No,No,No
PMC2548029,No,No,Yes,No,No,No
PMC2561051,Yes,Yes,No,No,No,Yes
PMC2562828,No,No,Yes,No,No,No
PMC2637859,Yes,No,No,Yes,No,No
PMC2638158,Yes,Yes,No,No,No,Yes
PMC2654973,Yes,No,No,Yes,No,No
PMC2660303,Yes,Yes,No,No,No,Yes
PMC2665034,Yes,Yes,No,No,No,Yes
PMC2709548,No,No,Yes,No,No,No
PMC2731080,Yes,No,No,Yes,No,No
PMC2734253,No,No,Yes,No,No,No
PMC2752621,Yes,Yes,No,No,Yes,Yes
PMC2808694,No,No,Yes,No,No,No
PMC2815149,No,No,Yes,No,No,No
PMC2826133,No,No,Yes,No,No,No
PMC2846370,Yes,No,No,Yes,No,No
PMC2849469,No,No,Yes,No,No,No
PMC2857471,Yes,No,No,Yes,No,No
PMC2857954,Yes,No,No,Yes,No,No
PMC2862314,No,No,Yes,No,No,No
PMC2921284,No,No,Yes,No,No,No
PMC2929138,No,No,Yes,No,No,No
PMC2930819,No,No,Yes,No,No,No
PMC2951685,Yes,No,No,Yes,No,No
PMC2972680,No,No,Yes,No,No,No
PMC2998534,Yes,No,No,Yes,No,No
PMC3009519,Yes,Yes,No,No,No,Yes
PMC3035313,No,No,Yes,No,No,No
PMC3059142,No,No,Yes,No,No,No
PMC3067842,Yes,No,No,Yes,No,No
PMC3072694,No,No,Yes,No,No,No
PMC3086988,Yes,No,No,Yes,No,No
PMC3090184,No,No,Yes,No,No,No
PMC3090755,No,No,Yes,No,No,No
PMC3092030,No,No,Yes,No,No,No
PMC3134873,Yes,No,No,Yes,No,No
PMC3135376,Yes,No,No,Yes,No,No
PMC3158884,No,No,Yes,No,No,No
PMC3159202,No,No,Yes,No,No,No
PMC3162960,No,No,Yes,No,No,No
PMC3163029,Yes,No,No,Yes,No,No
PMC3172819,No,No,Yes,No,No,No
PMC3175279,No,No,Yes,No,No,No
PMC3183303,No,No,Yes,No,No,No
PMC3188401,No,No,Yes,No,No,No
PMC3200215,No,No,Yes,No,No,No
PMC3205469,Yes,No,No,Yes,No,No
PMC3251207,No,No,Yes,No,No,No
PMC3255105,Yes,No,No,Yes,No,No
PMC3259434,Yes,No,No,Yes,No,No
PMC3261719,No,No,Yes,No,No,No
PMC3262289,No,No,Yes,No,No,No
PMC3275086,No,No,Yes,No,No,No
PMC3292016,Yes,Yes,No,No,Yes,Yes
PMC3318212,No,No,Yes,No,No,No
PMC3340366,Yes,Yes,No,No,No,Yes
PMC3342413,No,No,Yes,No,No,No
PMC3350810,No,No,Yes,No,No,No
PMC3396452,Yes,Yes,No,No,No,Yes
PMC3401323,No,No,Yes,No,No,No
PMC3423939,No,No,Yes,No,No,No
PMC3433136,No,No,Yes,No,No,No
PMC3471180,No,No,Yes,No,No,No
PMC3514690,No,No,Yes,No,No,No
PMC3528188,No,No,Yes,No,No,No
PMC3542245,Yes,Yes,No,No,No,Yes
PMC3549548,No,No,Yes,No,No,No
PMC3583062,No,No,Yes,No,No,No
PMC3585893,No,No,Yes,No,No,No
PMC3593942,No,No,Yes,No,No,No
PMC3606947,No,No,Yes,No,No,No
PMC3632623,No,No,Yes,No,No,No
PMC3650309,No,No,Yes,No,No,No
PMC3674346,No,No,Yes,No,No,No
PMC3698244,Yes,No,No,Yes,No,No
PMC3710575,Yes,No,No,Yes,No,No
PMC3729737,No,No,Yes,No,No,No
PMC3729842,No,No,Yes,No,No,No
PMC3741674,No,No,Yes,No,No,No
PMC3747004,No,No,Yes,No,No,No
PMC3756627,No,No,Yes,No,No,No
PMC3760014,No,No,Yes,No,No,No
PMC3766990,Yes,No,No,Yes,No,No
PMC3768024,No,No,Yes,No,No,No
PMC3791321,No,No,Yes,No,No,No
PMC3811072,Yes,No,No,Yes,No,No
PMC3833020,No,No,Yes,No,No,No
PMC3833284,No,No,Yes,No,No,No
PMC3836521,No,No,Yes,No,No,No
PMC3837999,No,No,Yes,No,No,No
PMC3843370,No,No,Yes,No,No,No
PMC3845232,No,No,Yes,No,No,No
PMC3860723,No,No,Yes,No,No,No
PMC3879284,Yes,No,No,Yes,No,No
PMC3885991,No,No,Yes,No,No,No
PMC3891738,No,No,Yes,No,No,No
PMC3910433,No,No,Yes,No,No,No
PMC3912131,Yes,Yes,No,No,No,Yes
PMC3955126,No,No,Yes,No,No,No
PMC3963628,No,No,Yes,No,No,No
PMC3967921,Yes,Yes,No,No,Yes,Yes
PMC3979639,No,No,Yes,No,No,No
PMC3983582,No,No,Yes,No,No,No
PMC4001088,No,No,Yes,No,No,No
PMC4002729,Yes,No,No,Yes,No,No
PMC4026152,No,No,Yes,No,No,No
PMC4029862,No,No,Yes,No,No,No
PMC4058174,Yes,Yes,No,No,Yes,Yes
PMC4077376,No,No,Yes,No,No,No
PMC4087062,Yes,No,No,Yes,No,No
PMC4108294,No,No,Yes,No,No,No
PMC4109799,No,No,Yes,No,No,No
PMC4226404,Yes,No,No,Yes,No,No
PMC4234378,No,No,Yes,No,No,No
PMC4241273,No,No,Yes,No,No,No
PMC4246420,No,No,Yes,No,No,No
PMC4257941,No,No,Yes,No,No,No
PMC4262615,No,No,Yes,No,No,No
PMC4267696,No,No,Yes,No,No,No
PMC4270110,No,No,Yes,No,No,No
PMC4276800,No,No,Yes,No,No,No
PMC4282342,Yes,No,No,Yes,No,No
PMC4289375,Yes,Yes,No,No,Yes,Yes
PMC4299867,No,No,Yes,No,No,No
PMC4311953,No,No,Yes,No,No,No
PMC4315323,Yes,Yes,No,No,Yes,Yes
PMC4315436,Yes,Yes,No,No,No,Yes
PMC4338520,No,No,Yes,No,No,No
PMC4347537,No,No,Yes,No,No,No
PMC4368063,Yes,No,No,Yes,No,No
PMC4380029,Yes,Yes,No,No,No,Yes
PMC4388756,Yes,No,No,Yes,No,No
PMC4388847,Yes,Yes,No,No,No,Yes
PMC4407517,Yes,No,No,Yes,No,No
PMC4408786,Yes,No,No,Yes,No,No
PMC4423813,No,No,Yes,No,No,No
PMC4442797,No,No,Yes,No,No,No
PMC4449277,No,No,Yes,No,No,No
PMC4466774,Yes,Yes,No,No,No,Yes
PMC4470375,Yes,No,No,Yes,No,No
PMC4481086,No,No,Yes,No,No,No
PMC4487281,No,No,Yes,No,No,No
PMC4498413,No,No,Yes,No,No,No
PMC4501374,No,No,Yes,No,No,No
PMC4507953,No,No,No,No,No,Yes
PMC4513962,Yes,No,No,Yes,No,No
PMC4518205,No,No,Yes,No,No,No
PMC4518739,Yes,No,No,Yes,No,No
PMC4520704,No,No,Yes,No,No,No
PMC4527478,Yes,No,No,Yes,No,No
PMC4528797,No,No,Yes,No,No,No
PMC4535466,No,No,Yes,No,No,No
PMC4541713,No,No,Yes,No,No,No
PMC4542749,No,No,Yes,No,No,No
PMC4589233,Yes,Yes,No,No,Yes,Yes
PMC4606520,Yes,Yes,No,No,Yes,Yes
PMC4626584,No,No,Yes,No,No,No
PMC4633683,No,No,Yes,No,No,No
PMC4635038,No,No,Yes,No,No,No
PMC4666239,No,No,Yes,No,No,No
PMC4673569,No,No,Yes,No,No,No
PMC4706028,No,No,Yes,No,No,No
PMC4706063,Yes,Yes,No,No,No,Yes
PMC4711406,Yes,No,No,Yes,No,No
PMC4736732,No,No,Yes,No,No,No
PMC4751423,Yes,No,No,Yes,No,No
PMC4767180,No,No,Yes,No,No,No
PMC4786027,Yes,No,No,Yes,No,No
PMC4786847,No,No,Yes,No,No,No
PMC4789356,Yes,No,No,Yes,No,No
PMC4805711,No,No,Yes,No,No,No
PMC4819485,No,No,Yes,No,No,No
PMC4820586,No,No,Yes,No,No,No
PMC4834164,Yes,Yes,No,No,No,Yes
PMC4841025,No,No,Yes,No,No,No
PMC4852011,No,No,Yes,No,No,No
PMC4858314,No,No,Yes,No,No,No
PMC4879664,Yes,No,No,Yes,No,No
PMC4894951,Yes,Yes,No,No,Yes,Yes
PMC4897341,No,No,Yes,No,No,No
PMC4900244,No,No,Yes,No,No,No
PMC4902078,Yes,No,No,Yes,No,No
PMC4908364,Yes,Yes,No,No,No,Yes
PMC4931851,Yes,Yes,No,No,No,Yes
PMC4937836,No,No,Yes,No,No,No
PMC4949569,No,No,Yes,No,No,No
PMC4949699,No,No,Yes,No,No,No
PMC4955649,Yes,No,No,Yes,No,No
PMC4957551,No,No,Yes,No,No,No
PMC4958551,Yes,No,No,Yes,No,No
PMC4981146,No,No,Yes,No,No,No
PMC4983434,No,No,Yes,No,No,No
PMC4993779,No,No,Yes,No,No,No
PMC4996375,Yes,No,No,Yes,No,No
PMC5011483,Yes,No,No,Yes,No,No
PMC5026415,No,No,Yes,No,No,No
PMC5034704,Yes,Yes,No,No,Yes,Yes
PMC5034949,No,No,Yes,No,No,No
PMC5054094,Yes,No,No,Yes,No,No
PMC5075680,No,No,Yes,No,No,No
PMC5079830,Yes,Yes,No,No,Yes,Yes
PMC5104375,Yes,Yes,No,No,No,Yes
PMC5107208,No,No,Yes,No,No,No
PMC5113897,Yes,Yes,No,No,No,Yes
PMC5120500,Yes,Yes,No,No,No,Yes
PMC5124489,No,No,Yes,No,No,No
PMC5130110,Yes,No,No,Yes,No,No
PMC5132084,Yes,No,No,Yes,No,No
PMC5138114,No,No,Yes,No,No,No
PMC5198779,No,No,Yes,No,No,No
PMC5216452,No,No,Yes,No,No,No
PMC5236010,No,No,Yes,No,No,No
PMC5253113,No,No,Yes,No,No,No
PMC5266630,Yes,No,No,Yes,No,No
PMC5283391,Yes,No,No,Yes,No,No
PMC5286203,No,No,Yes,No,No,No
PMC5300751,No,No,Yes,No,No,No
PMC5316541,No,No,Yes,No,No,No
PMC5349323,No,No,Yes,No,No,No
PMC5351721,No,No,Yes,No,No,No
PMC5362124,Yes,No,No,Yes,No,No
PMC5365094,No,No,Yes,No,No,No
PMC5365304,No,No,Yes,No,No,No
PMC5380887,No,No,Yes,No,No,No
PMC5391539,No,No,Yes,No,No,No
PMC5392811,No,No,Yes,No,No,No
PMC5405381,Yes,No,No,Yes,No,No
PMC5409865,No,No,Yes,No,No,No
PMC5429386,No,No,Yes,No,No,No
PMC5449228,No,No,Yes,No,No,No
PMC5466447,Yes,No,No,Yes,No,No
PMC5467573,Yes,No,No,Yes,No,No
PMC5478927,Yes,No,No,Yes,No,No
PMC5484402,No,No,Yes,No,No,No
PMC5486409,Yes,No,No,Yes,No,No
PMC5487762,Yes,Yes,No,No,No,Yes
PMC5494136,No,No,Yes,No,No,No
PMC5517062,Yes,Yes,No,No,No,Yes
PMC5518778,No,No,Yes,No,No,No
PMC5521984,Yes,No,No,Yes,No,No
PMC5526294,Yes,No,No,Yes,No,No
PMC5546760,No,No,Yes,No,No,No
PMC5550971,Yes,Yes,No,No,No,Yes
PMC5564607,Yes,No,No,Yes,No,No
PMC5582830,No,No,Yes,No,No,No
PMC5592302,No,No,Yes,No,No,No
PMC5595248,No,No,Yes,No,No,No
PMC5605272,No,No,Yes,No,No,No
PMC5610945,Yes,Yes,No,No,No,Yes
PMC5622501,Yes,No,No,Yes,No,No
PMC5624169,Yes,No,No,Yes,No,No
PMC5632926,No,No,Yes,No,No,No
PMC5639897,No,No,Yes,No,No,No
PMC5645578,No,No,Yes,No,No,No
PMC5645671,Yes,No,No,Yes,No,No
PMC5647664,No,No,Yes,No,No,No
PMC5650527,Yes,Yes,No,No,Yes,Yes
PMC5652928,No,No,Yes,No,No,No
PMC5656045,Yes,Yes,No,No,No,Yes
PMC5658146,No,No,Yes,No,No,No
PMC5666085,No,No,Yes,No,No,No
PMC5667679,No,No,Yes,No,No,No
PMC5674274,No,No,Yes,No,No,No
PMC5685313,Yes,No,No,Yes,No,No
PMC5688026,Yes,Yes,No,No,No,Yes
PMC5693332,No,No,Yes,No,No,No
PMC5718144,No,No,Yes,No,No,No
PMC5719539,No,No,Yes,No,No,No
PMC5720372,No,No,Yes,No,No,No
PMC5731251,No,No,Yes,No,No,No
PMC5738356,Yes,Yes,No,No,No,Yes
PMC5755976,No,No,Yes,No,No,No
PMC5768444,Yes,No,No,Yes,No,No
PMC5773889,Yes,Yes,No,No,No,Yes
PMC5775817,Yes,Yes,No,No,No,Yes
PMC5777507,No,No,Yes,No,No,No
PMC5785919,No,No,Yes,No,No,No
PMC5796779,Yes,No,No,Yes,No,No
PMC5804178,No,No,Yes,No,No,No
PMC5804353,No,No,Yes,No,No,No
PMC5804808,No,No,Yes,No,No,No
PMC5807515,No,No,Yes,No,No,No
PMC5814341,Yes,No,No,Yes,No,No
PMC5816126,No,No,Yes,No,No,No
PMC5821114,Yes,Yes,No,No,Yes,Yes
PMC5821274,Yes,Yes,No,No,No,Yes
PMC5822175,No,No,Yes,No,No,No
PMC5825945,No,No,Yes,No,No,No
PMC5829945,No,No,Yes,No,No,No
PMC5833256,No,No,Yes,No,No,No
PMC5843530,No,No,Yes,No,No,No
PMC5849485,Yes,No,No,Yes,No,No
PMC5851519,No,No,Yes,No,No,No
PMC5859655,No,No,Yes,No,No,No
PMC5860114,Yes,Yes,No,No,No,Yes
PMC5860171,Yes,Yes,No,No,No,Yes
PMC5863080,No,No,Yes,No,No,No
PMC5865383,No,No,Yes,No,No,No
PMC5865471,No,No,Yes,No,No,No
PMC5868434,No,No,Yes,No,No,No
PMC5868484,Yes,No,No,Yes,No,No
PMC5870574,Yes,Yes,No,No,No,Yes
PMC5876691,No,No,Yes,No,No,No
PMC5889147,No,No,Yes,No,No,No
PMC5891107,No,No,Yes,No,No,No
PMC5891472,No,No,Yes,No,No,No
PMC5899994,No,No,Yes,No,No,No
PMC5900573,No,No,Yes,No,No,No
PMC5906434,No,No,Yes,No,No,No
PMC5910428,Yes,Yes,No,No,Yes,Yes
PMC5930664,Yes,Yes,No,No,No,Yes
PMC5932308,Yes,No,No,Yes,No,No
PMC5933241,No,No,Yes,No,No,No
PMC5947730,No,No,Yes,No,No,No
PMC5960433,Yes,No,No,Yes,No,No
PMC5976622,Yes,Yes,No,No,No,Yes
PMC5982584,No,No,Yes,No,No,No
PMC5997568,No,No,Yes,No,No,No
PMC6005206,No,No,Yes,No,No,No
PMC6022472,No,No,Yes,No,No,No
PMC6036478,Yes,Yes,No,No,No,Yes
PMC6036751,Yes,No,No,Yes,No,No
PMC6036855,Yes,Yes,No,No,No,Yes
PMC6044251,No,No,Yes,No,No,No
PMC6056197,No,No,Yes,No,No,No
PMC6058191,Yes,No,No,Yes,No,No
PMC6061930,Yes,No,No,Yes,No,No
PMC6062245,Yes,No,No,Yes,No,No
PMC6064115,No,No,Yes,No,No,No
PMC6067826,No,No,Yes,No,No,No
PMC6071933,Yes,No,No,Yes,No,No
PMC6072069,No,No,Yes,No,No,No
PMC6080076,Yes,No,No,Yes,No,No
PMC6086289,No,No,Yes,No,No,No
PMC6091426,Yes,Yes,No,No,No,Yes
PMC6097964,Yes,No,No,Yes,No,No
PMC6101669,No,No,Yes,No,No,No
PMC6105292,No,No,Yes,No,No,No
PMC6117803,Yes,No,No,Yes,No,No
PMC6128386,Yes,No,No,Yes,No,No
PMC6135464,Yes,No,No,Yes,No,No
PMC6139224,Yes,No,No,Yes,No,No
PMC6150788,No,No,Yes,No,No,No
PMC6150970,Yes,No,No,Yes,No,No
PMC6153696,Yes,No,No,Yes,No,No
PMC6156962,Yes,No,No,Yes,No,No
PMC6168219,No,No,Yes,No,No,No
PMC6175554,No,No,Yes,No,No,No
PMC6177722,Yes,No,No,Yes,No,No
PMC6180211,No,No,Yes,No,No,No
PMC6184101,Yes,No,No,Yes,No,No
PMC6197878,No,No,Yes,No,No,No
PMC6214247,No,No,Yes,No,No,No
PMC6214495,Yes,Yes,No,No,No,Yes
PMC6214550,Yes,Yes,No,No,No,Yes
PMC6216033,Yes,No,No,Yes,No,No
PMC6217720,No,No,Yes,No,No,No
PMC6223655,Yes,No,No,Yes,No,No
PMC6224513,Yes,No,No,Yes,No,No
PMC6233520,No,No,Yes,No,No,No
PMC6237755,Yes,Yes,No,No,No,Yes
PMC6242780,Yes,Yes,No,No,No,Yes
PMC6266744,No,No,Yes,No,No,No
PMC6276670,No,No,Yes,No,No,No
PMC6277570,Yes,Yes,No,No,No,Yes
PMC6282617,Yes,No,No,Yes,No,No
PMC6293604,Yes,No,No,Yes,No,No
PMC6302975,No,No,Yes,No,No,No
PMC6306940,No,No,Yes,No,No,No
PMC6308911,No,No,Yes,No,No,No
PMC6309227,Yes,No,No,Yes,No,No
PMC6310107,Yes,No,No,Yes,No,No
PMC6311919,No,No,Yes,No,No,No
PMC6318149,No,No,Yes,No,No,No
PMC6323839,Yes,No,No,Yes,No,No
PMC6328256,No,No,Yes,No,No,No
PMC6329797,Yes,No,No,Yes,No,No
PMC6338186,No,No,Yes,No,No,No
PMC6342342,No,No,Yes,No,No,No
PMC6343409,No,No,Yes,No,No,No
PMC6343653,No,No,Yes,No,No,No
PMC6351997,No,No,Yes,No,No,No
PMC6362540,No,No,Yes,No,No,No
PMC6362926,No,No,Yes,No,No,No
PMC6367517,Yes,No,No,Yes,No,No
PMC6371636,Yes,No,No,Yes,No,No
PMC6373281,No,No,Yes,No,No,No
PMC6386402,Yes,Yes,No,No,No,Yes
PMC6387562,Yes,No,No,Yes,No,No
PMC6387741,No,No,Yes,No,No,No
PMC6387774,No,No,Yes,No,No,No
PMC6388440,No,No,Yes,No,No,No
PMC6393836,No,No,Yes,No,No,No
PMC6394031,Yes,Yes,No,No,No,Yes
PMC6398873,Yes,No,No,Yes,No,No
PMC6399039,No,No,Yes,No,No,No
PMC6407653,No,No,Yes,No,No,No
PMC6410730,No,No,Yes,No,No,No
PMC6415536,No,No,Yes,No,No,No
PMC6416075,Yes,No,No,Yes,No,No
PMC6422683,No,No,Yes,No,No,No
PMC6433104,Yes,No,No,Yes,No,No
PMC6436896,Yes,Yes,No,No,Yes,Yes
PMC6437637,No,No,Yes,No,No,No
PMC6438494,No,No,Yes,No,No,No
PMC6440667,Yes,No,No,Yes,No,No
PMC6450221,Yes,No,No,Yes,No,No
PMC6451726,Yes,No,No,Yes,No,No
PMC6457539,Yes,Yes,No,No,No,Yes
PMC6459551,Yes,Yes,No,No,No,Yes
PMC6466885,No,No,Yes,No,No,No
PMC6472241,No,No,Yes,No,No,No
PMC6473411,Yes,No,No,Yes,No,No
PMC6475849,No,No,Yes,No,No,No
PMC6476414,Yes,No,No,Yes,No,No
PMC6478501,Yes,Yes,No,No,No,Yes
PMC6484147,No,No,Yes,No,No,No
PMC6484528,Yes,No,No,Yes,No,No
PMC6486931,Yes,No,No,Yes,No,No
PMC6494740,Yes,No,No,Yes,No,No
PMC6495231,Yes,Yes,No,No,No,Yes
PMC6496464,No,No,Yes,No,No,No
PMC6497069,No,No,Yes,No,No,No
PMC6500493,No,No,Yes,No,No,No
PMC6501446,No,No,Yes,No,No,No
PMC6506330,Yes,No,No,Yes,No,No
PMC6506853,No,No,Yes,No,No,No
PMC6508671,No,No,Yes,No,No,No
PMC6510616,Yes,No,No,Yes,No,No
PMC6510637,Yes,Yes,No,No,No,Yes
PMC6519292,No,No,Yes,No,No,No
PMC6522233,No,No,Yes,No,No,No
PMC6536474,Yes,No,No,Yes,No,No
PMC6537347,No,No,Yes,No,No,No
PMC6538271,Yes,No,No,Yes,No,No
PMC6548586,Yes,Yes,No,No,Yes,Yes
PMC6548658,Yes,No,No,Yes,No,No
PMC6553587,No,No,Yes,No,No,No
PMC6560734,Yes,No,No,Yes,No,No
PMC6586237,No,No,Yes,No,No,No
PMC6594643,Yes,Yes,No,No,No,Yes
PMC6597456,Yes,No,No,Yes,No,No
PMC6606432,Yes,No,No,Yes,No,No
PMC6613463,No,No,Yes,No,No,No
PMC6624342,No,No,Yes,No,No,No
PMC6629660,Yes,Yes,No,No,No,Yes
PMC6630050,Yes,No,No,Yes,No,No
PMC6637411,Yes,No,No,Yes,No,No
PMC6644967,No,No,Yes,No,No,No
PMC6657583,Yes,Yes,No,No,No,Yes
PMC6661207,No,No,Yes,No,No,No
PMC6661805,No,No,Yes,No,No,No
PMC6661861,Yes,No,No,Yes,No,No
PMC6664791,Yes,Yes,No,No,No,Yes
PMC6669140,No,No,Yes,No,No,No
PMC6679781,Yes,Yes,No,No,Yes,Yes
PMC6689279,Yes,No,No,Yes,No,No
PMC6690680,Yes,Yes,No,No,No,Yes
PMC6691572,Yes,No,No,Yes,No,No
PMC6693982,No,No,Yes,No,No,No
PMC6699007,No,No,Yes,No,No,No
PMC6705575,No,No,Yes,No,No,No
PMC6708480,Yes,Yes,No,No,No,Yes
PMC6715311,No,No,Yes,No,No,No
PMC6716371,No,No,Yes,No,No,No
PMC6718190,Yes,No,No,Yes,No,No
PMC6722401,No,No,Yes,No,No,No
PMC6724248,No,No,Yes,No,No,No
PMC6731167,No,No,Yes,No,No,No
PMC6732622,Yes,Yes,No,No,No,Yes
PMC6737184,Yes,Yes,No,No,No,Yes
PMC6743778,Yes,Yes,No,No,No,Yes
PMC6748814,Yes,No,No,Yes,No,No
PMC6750631,No,No,Yes,No,No,No
PMC6755632,Yes,No,No,Yes,No,No
PMC6761087,No,No,Yes,No,No,No
PMC6788769,Yes,No,No,Yes,No,No
PMC6800245,No,No,Yes,No,No,No
PMC6800602,No,No,Yes,No,No,No
PMC6802166,No,No,Yes,No,No,No
PMC6820165,No,No,Yes,No,No,No
PMC6842709,Yes,No,No,Yes,No,No
PMC6851483,Yes,Yes,No,No,Yes,Yes
PMC6853221,No,No,Yes,No,No,No
PMC6853613,No,No,Yes,No,No,No
PMC6857844,Yes,No,No,Yes,No,No
PMC6858545,Yes,No,No,Yes,No,No
PMC6864056,Yes,No,No,Yes,No,No
PMC6888901,Yes,No,No,Yes,No,No
PMC6892996,No,No,Yes,No,No,No
PMC6896290,No,No,Yes,No,No,No
PMC6897314,Yes,No,No,Yes,No,No
PMC6900559,Yes,No,No,Yes,No,No
PMC6901291,No,No,Yes,No,No,No
PMC6901736,No,No,Yes,No,No,No
PMC6902683,No,No,No,No,No,Yes
PMC6903906,No,No,Yes,No,No,No
PMC6905129,Yes,No,No,Yes,No,No
PMC6908647,Yes,Yes,No,No,No,Yes
PMC6913460,No,No,Yes,No,No,No
PMC6923882,Yes,Yes,No,No,No,Yes
PMC6924628,Yes,No,No,Yes,No,No
PMC6927246,No,No,Yes,No,No,No
PMC6927253,No,No,Yes,No,No,No
PMC6929456,Yes,Yes,No,No,No,Yes
PMC6936209,Yes,No,No,Yes,No,No
PMC6937509,No,No,Yes,No,No,No
PMC6938222,Yes,No,No,Yes,No,No
PMC6954016,No,No,Yes,No,No,No
PMC6954896,No,No,Yes,No,No,No
PMC6955159,Yes,No,No,Yes,No,No
PMC6957889,No,No,Yes,No,No,No
PMC6958554,No,No,Yes,No,No,No
PMC6961256,No,No,Yes,No,No,No
PMC6961490,No,No,Yes,No,No,No
PMC6964588,No,No,Yes,No,No,No
PMC6982787,Yes,Yes,No,No,No,Yes
PMC6989146,No,No,Yes,No,No,No
PMC6992687,Yes,No,No,Yes,No,No
PMC6993109,Yes,No,No,Yes,No,No
PMC6994224,No,No,Yes,No,No,No
PMC7006595,No,No,Yes,No,No,No
PMC7007059,No,No,Yes,No,No,No
PMC7011861,No,No,Yes,No,No,No
PMC7035778,Yes,Yes,No,No,Yes,Yes
PMC7041970,No,No,Yes,No,No,No
PMC7043837,No,No,Yes,No,No,No
PMC7043962,No,No,Yes,No,No,No
PMC7044616,No,No,Yes,No,No,No
PMC7047780,No,No,Yes,No,No,No
PMC7054390,Yes,Yes,No,No,No,Yes
PMC7054743,No,No,Yes,No,No,No
PMC7055960,Yes,No,No,Yes,No,No
PMC7056596,Yes,No,No,Yes,No,No
PMC7058233,No,No,Yes,No,No,No
PMC7059009,Yes,No,No,Yes,No,No
PMC7064141,Yes,No,No,Yes,No,No
PMC7065628,Yes,No,No,Yes,No,No
PMC7068237,Yes,Yes,No,No,No,Yes
PMC7069787,No,No,Yes,No,No,No
PMC7073919,Yes,Yes,No,No,No,Yes
PMC7075463,Yes,No,No,Yes,No,No
PMC7076730,No,No,Yes,No,No,No
PMC7083636,No,No,Yes,No,No,No
PMC7086066,No,No,Yes,No,No,No
PMC7087595,No,No,Yes,No,No,No
PMC7095858,No,No,Yes,No,No,No
PMC7098306,No,No,Yes,No,No,No
PMC7099856,Yes,No,No,Yes,No,No
PMC7101259,Yes,No,No,Yes,No,No
PMC7103126,No,No,Yes,No,No,No
PMC7108233,No,No,Yes,No,No,No
PMC7115906,Yes,No,No,Yes,No,No
PMC7116060,No,No,Yes,No,No,No
PMC7123181,Yes,No,No,Yes,No,No
PMC7126548,No,No,Yes,No,No,No
PMC7129995,No,No,Yes,No,No,No
PMC7137462,Yes,No,No,Yes,No,No
PMC7138222,Yes,No,No,Yes,No,No
PMC7140346,No,No,Yes,No,No,No
PMC7142336,Yes,Yes,No,No,No,Yes
PMC7148171,Yes,No,No,Yes,No,No
PMC7156196,Yes,No,No,Yes,No,No
PMC7156652,Yes,Yes,No,No,No,Yes
PMC7162491,Yes,Yes,No,No,No,Yes
PMC7169840,No,No,Yes,No,No,No
PMC7170662,No,No,Yes,No,No,No
PMC7175862,No,No,Yes,No,No,No
PMC7177154,No,No,Yes,No,No,No
PMC7177496,No,No,Yes,No,No,No
PMC7182631,No,No,Yes,No,No,No
PMC7188692,No,No,Yes,No,No,No
PMC7191643,No,No,Yes,No,No,No
PMC7203224,No,No,Yes,No,No,No
PMC7210564,No,No,Yes,No,No,No
PMC7212484,Yes,Yes,No,No,Yes,Yes
PMC7219384,Yes,No,No,Yes,No,No
PMC7219900,No,No,Yes,No,No,No
PMC7227534,No,No,Yes,No,No,No
PMC7236480,Yes,No,No,Yes,No,No
PMC7237030,Yes,Yes,No,No,No,Yes
PMC7238365,No,No,Yes,No,No,No
PMC7249423,Yes,No,No,Yes,No,No
PMC7250653,No,No,Yes,No,No,No
PMC7251632,No,No,Yes,No,No,No
PMC7251921,Yes,No,No,Yes,No,No
PMC7252860,No,No,Yes,No,No,No
PMC7259480,No,No,Yes,No,No,No
PMC7260139,No,No,Yes,No,No,No
PMC7265837,No,No,Yes,No,No,No
PMC7266112,No,No,Yes,No,No,No
PMC7266697,No,No,Yes,No,No,No
PMC7269502,No,No,Yes,No,No,No
PMC7274489,Yes,No,No,Yes,No,No
PMC7280067,Yes,No,No,Yes,No,No
PMC7285934,Yes,No,No,Yes,No,No
PMC7286573,No,No,Yes,No,No,No
PMC7290192,No,No,Yes,No,No,No
PMC7296823,No,No,Yes,No,No,No
PMC7297119,Yes,Yes,No,No,No,Yes
PMC7297244,No,No,Yes,No,No,No
PMC7301934,No,No,Yes,No,No,No
PMC7308383,Yes,No,No,Yes,No,No
PMC7310396,Yes,No,No,Yes,No,No
PMC7314106,Yes,No,No,Yes,No,No
PMC7315296,Yes,No,No,Yes,No,No
PMC7317901,No,No,Yes,No,No,No
PMC7317941,Yes,No,No,Yes,No,No
PMC7319618,No,No,Yes,No,No,No
PMC7323691,No,No,Yes,No,No,No
PMC7325639,Yes,No,No,Yes,No,No
PMC7333383,Yes,Yes,No,No,No,Yes
PMC7333579,No,No,Yes,No,No,No
PMC7342338,No,No,Yes,No,No,No
PMC7350713,No,No,Yes,No,No,No
PMC7352871,Yes,Yes,No,No,No,Yes
PMC7358033,Yes,No,No,Yes,No,No
PMC7368556,No,No,Yes,No,No,No
PMC7373365,Yes,No,No,Yes,No,No
PMC7379124,No,No,Yes,No,No,No
PMC7382934,No,No,Yes,No,No,No
PMC7383774,Yes,No,No,Yes,No,No
PMC7387197,No,No,Yes,No,No,No
PMC7399060,Yes,No,No,Yes,No,No
PMC7399473,No,No,Yes,No,No,No
PMC7401304,No,No,Yes,No,No,No
PMC7406221,Yes,Yes,No,No,No,Yes
PMC7406302,Yes,No,No,Yes,No,No
PMC7406872,No,No,Yes,No,No,No
PMC7413863,No,No,Yes,No,No,No
PMC7415547,Yes,No,No,Yes,No,No
PMC7418871,No,No,Yes,No,No,No
PMC7422516,Yes,No,No,Yes,No,No
PMC7429144,No,No,Yes,No,No,No
PMC7431866,Yes,No,No,Yes,No,No
PMC7435563,No,No,Yes,No,No,No
PMC7436714,No,No,Yes,No,No,No
PMC7442807,Yes,Yes,No,No,No,Yes
PMC7445784,No,No,Yes,No,No,No
PMC7446623,Yes,Yes,No,No,No,Yes
PMC7446744,No,No,Yes,No,No,No
PMC7466845,No,No,Yes,No,No,No
PMC7467114,No,No,Yes,No,No,No
PMC7468668,No,No,Yes,No,No,No
PMC7469447,No,No,Yes,No,No,No
PMC7478228,Yes,No,No,Yes,No,No
PMC7481743,No,No,Yes,No,No,No
PMC7481841,No,No,Yes,No,No,No
PMC7483292,No,No,Yes,No,No,No
PMC7486005,No,No,Yes,No,No,No
PMC7487029,No,No,Yes,No,No,No
PMC7488739,No,No,Yes,No,No,No
PMC7490243,No,No,Yes,No,No,No
PMC7493359,Yes,Yes,No,No,No,Yes
PMC7495795,No,No,Yes,No,No,No
PMC7499912,Yes,No,No,Yes,No,No
PMC7501130,No,No,Yes,No,No,No
PMC7503005,No,No,Yes,No,No,No
PMC7503283,No,No,Yes,No,No,No
PMC7507193,No,No,Yes,No,No,No
PMC7507834,No,No,Yes,No,No,No
PMC7511449,Yes,No,No,Yes,No,No
PMC7515684,No,No,Yes,No,No,No
PMC7517863,Yes,No,No,Yes,No,No
PMC7519580,Yes,No,No,Yes,No,No
PMC7520974,Yes,Yes,No,No,No,Yes
PMC7522633,Yes,No,No,Yes,No,No
PMC7525906,No,No,Yes,No,No,No
PMC7532764,Yes,No,No,Yes,No,No
PMC7532948,No,No,Yes,No,No,No
PMC7537153,Yes,No,No,Yes,No,No
PMC7540586,Yes,No,No,Yes,No,No
PMC7545219,No,No,Yes,No,No,No
PMC7546651,No,No,Yes,No,No,No
PMC7547321,No,No,Yes,No,No,No
PMC7549647,Yes,No,No,Yes,No,No
PMC7550141,Yes,No,No,Yes,No,No
PMC7561035,No,No,Yes,No,No,No
PMC7561562,Yes,No,No,Yes,No,No
PMC7569199,No,No,Yes,No,No,No
PMC7569858,Yes,Yes,No,No,No,Yes
PMC7581322,No,No,Yes,No,No,No
PMC7591939,Yes,Yes,No,No,No,Yes
PMC7596958,Yes,Yes,No,No,No,Yes
PMC7597463,Yes,No,No,Yes,No,No
PMC7602301,Yes,Yes,No,No,No,Yes
PMC7605344,Yes,No,No,Yes,No,No
PMC7611398,No,No,Yes,No,No,No
PMC7612046,Yes,No,No,Yes,No,No
PMC7612116,No,No,Yes,No,No,No
PMC7613719,No,No,Yes,No,No,No
PMC7614502,No,No,Yes,No,No,No
PMC7614644,No,No,Yes,No,No,No
PMC7616380,No,No,Yes,No,No,No
PMC7616866,Yes,No,No,Yes,No,No
PMC7617309,No,No,Yes,No,No,No
PMC7641424,No,No,Yes,No,No,No
PMC7646998,Yes,No,No,Yes,No,No
PMC7648120,Yes,Yes,No,No,No,Yes
PMC7648592,Yes,No,No,Yes,No,No
PMC7649211,Yes,No,No,Yes,No,No
PMC7653216,No,No,Yes,No,No,No
PMC7659024,No,No,Yes,No,No,No
PMC7659093,Yes,No,No,Yes,No,No
PMC7659408,Yes,No,No,Yes,No,No
PMC7664827,Yes,No,No,Yes,No,No
PMC7665450,Yes,No,No,Yes,No,No
PMC7668301,Yes,No,No,Yes,No,No
PMC7671578,No,No,Yes,No,No,No
PMC7671911,No,No,Yes,No,No,No
PMC7674326,No,No,Yes,No,No,No
PMC7676934,Yes,No,No,Yes,No,No
PMC7678923,No,No,Yes,No,No,No
PMC7680286,Yes,No,No,Yes,No,No
PMC7680913,Yes,Yes,No,No,No,Yes
PMC7682087,Yes,Yes,No,No,No,Yes
PMC7682169,No,No,Yes,No,No,No
PMC7685677,No,No,Yes,No,No,No
PMC7686836,Yes,No,No,Yes,No,No
PMC7687078,No,No,Yes,No,No,No
PMC7689198,Yes,No,No,Yes,No,No
PMC7689324,Yes,No,No,Yes,No,No
PMC7692026,Yes,Yes,No,No,Yes,Yes
PMC7694891,Yes,No,No,Yes,No,No
PMC7704682,Yes,No,No,Yes,No,No
PMC7705338,No,No,Yes,No,No,No
PMC7708824,Yes,No,No,Yes,No,No
PMC7711119,Yes,No,No,Yes,No,No
PMC7713521,Yes,No,No,Yes,No,No
PMC7714088,No,No,Yes,No,No,No
PMC7718328,Yes,Yes,No,No,No,Yes
PMC7721480,Yes,Yes,No,No,Yes,Yes
PMC7722954,No,No,Yes,No,No,No
PMC7723216,Yes,No,No,Yes,No,No
PMC7724016,No,No,Yes,No,No,No
PMC7725002,Yes,Yes,No,No,No,Yes
PMC7731513,Yes,No,No,Yes,No,No
PMC7731980,No,No,Yes,No,No,No
PMC7734183,Yes,Yes,No,No,No,Yes
PMC7735190,No,No,Yes,No,No,No
PMC7735824,Yes,Yes,No,No,No,Yes
PMC7751093,Yes,Yes,No,No,No,Yes
PMC7754181,No,No,Yes,No,No,No
PMC7771088,Yes,No,No,Yes,No,No
PMC7771510,Yes,No,No,Yes,No,No
PMC7771841,No,No,Yes,No,No,No
PMC7772855,No,No,Yes,No,No,No
PMC7773485,Yes,Yes,No,No,No,Yes
PMC7778490,Yes,No,No,Yes,No,No
PMC7786869,No,No,Yes,No,No,No
PMC7792733,No,No,Yes,No,No,No
PMC7794018,Yes,Yes,No,No,No,Yes
PMC7796914,No,No,Yes,No,No,No
PMC7798990,Yes,No,No,Yes,No,No
PMC7799376,Yes,No,No,Yes,No,No
PMC7805910,No,No,Yes,No,No,No
PMC7807830,No,No,Yes,No,No,No
PMC7807896,Yes,No,No,Yes,No,No
PMC7816443,Yes,No,No,Yes,No,No
PMC7816647,Yes,Yes,No,No,No,Yes
PMC7816669,No,No,Yes,No,No,No
PMC7817647,No,No,Yes,No,No,No
PMC7817871,No,No,Yes,No,No,No
PMC7818264,Yes,No,No,Yes,No,No
PMC7821214,Yes,No,No,Yes,No,No
PMC7831241,Yes,No,No,Yes,No,No
PMC7832145,No,No,Yes,No,No,No
PMC7834658,Yes,No,No,Yes,No,No
PMC7836521,No,No,Yes,No,No,No
PMC7837369,No,No,Yes,No,No,No
PMC7841422,Yes,No,No,Yes,No,No
PMC7842780,Yes,No,No,Yes,No,No
PMC7842837,No,No,Yes,No,No,No
PMC7845924,No,No,Yes,No,No,No
PMC7845959,Yes,Yes,No,No,No,Yes
PMC7848821,No,No,Yes,No,No,No
PMC7851654,No,No,Yes,No,No,No
PMC7855939,Yes,No,No,Yes,No,No
PMC7858701,No,No,Yes,No,No,No
PMC7859697,No,No,Yes,No,No,No
PMC7860026,Yes,Yes,No,No,No,Yes
PMC7870641,No,No,Yes,No,No,No
PMC7871893,Yes,No,No,Yes,No,No
PMC7873105,No,No,Yes,No,No,No
PMC7874511,No,No,Yes,No,No,No
PMC7874964,Yes,No,No,Yes,No,No
PMC7876317,Yes,Yes,No,No,No,Yes
PMC7883970,No,No,Yes,No,No,No
PMC7885049,Yes,No,No,Yes,No,No
PMC7886075,No,No,Yes,No,No,No
PMC7889413,No,No,Yes,No,No,No
PMC7889718,No,No,Yes,No,No,No
PMC7892291,No,No,Yes,No,No,No
PMC7894306,No,No,Yes,No,No,No
PMC7902477,Yes,No,No,Yes,No,No
PMC7903919,Yes,No,No,Yes,No,No
PMC7906608,Yes,No,No,Yes,No,No
PMC7909725,Yes,No,No,Yes,No,No
PMC7930180,No,No,Yes,No,No,No
PMC7933265,No,No,Yes,No,No,No
PMC7933593,Yes,Yes,No,No,No,Yes
PMC7940114,Yes,No,No,Yes,No,No
PMC7940170,Yes,No,No,Yes,No,No
PMC7941561,Yes,No,No,Yes,No,No
PMC7947105,Yes,No,No,Yes,No,No
PMC7952029,No,No,Yes,No,No,No
PMC7954580,Yes,No,No,Yes,No,No
PMC7962739,Yes,No,No,Yes,No,No
PMC7963508,Yes,No,No,Yes,No,No
PMC7967834,No,No,Yes,No,No,No
PMC7968546,Yes,No,No,Yes,No,No
PMC7977789,Yes,No,No,Yes,No,No
PMC7982044,No,No,Yes,No,No,No
PMC7982771,Yes,No,No,Yes,No,No
PMC7984450,No,No,Yes,No,No,No
PMC7986299,No,No,Yes,No,No,No
PMC7987326,Yes,No,No,Yes,No,No
PMC7988437,Yes,No,No,Yes,No,No
PMC7991821,Yes,No,No,Yes,No,No
PMC7995339,No,No,Yes,No,No,No
PMC8002797,Yes,No,No,Yes,No,No
PMC8006070,No,No,Yes,No,No,No
PMC8006198,Yes,No,No,Yes,No,No
PMC8006383,Yes,No,No,Yes,No,No
PMC8009088,No,No,Yes,No,No,No
PMC8011704,Yes,No,No,Yes,No,No
PMC8016001,No,No,Yes,No,No,No
PMC8018268,No,No,Yes,No,No,No
PMC8019900,Yes,Yes,No,No,No,Yes
PMC8021213,No,No,Yes,No,No,No
PMC8022358,No,No,Yes,No,No,No
PMC8027390,Yes,No,No,Yes,No,No
PMC8027708,No,No,Yes,No,No,No
PMC8042299,Yes,No,No,Yes,No,No
PMC8042551,Yes,Yes,No,No,No,Yes
PMC8042826,No,No,Yes,No,No,No
PMC8049283,No,No,Yes,No,No,No
PMC8049748,No,No,Yes,No,No,No
PMC8056871,No,No,Yes,No,No,No
PMC8057403,Yes,No,No,Yes,No,No
PMC8058982,Yes,No,No,Yes,No,No
PMC8064263,No,No,Yes,No,No,No
PMC8067080,Yes,Yes,No,No,No,Yes
PMC8073243,Yes,No,No,Yes,No,No
PMC8080676,Yes,No,No,Yes,No,No
PMC8081115,Yes,No,No,Yes,No,No
PMC8085761,No,No,Yes,No,No,No
PMC8087249,Yes,No,No,Yes,No,No
PMC8090511,No,No,Yes,No,No,No
PMC8091525,Yes,No,No,Yes,No,No
PMC8093261,No,No,Yes,No,No,No
PMC8093828,Yes,Yes,No,No,No,Yes
PMC8097748,No,No,Yes,No,No,No
PMC8100172,Yes,Yes,No,No,No,Yes
PMC8100175,Yes,Yes,No,No,No,Yes
PMC8102977,No,No,Yes,No,No,No
PMC8106637,Yes,No,No,Yes,No,No
PMC8108534,Yes,No,No,Yes,No,No
PMC8113076,Yes,No,No,Yes,No,No
PMC8113686,Yes,No,No,Yes,No,No
PMC8117491,No,No,Yes,No,No,No
PMC8121164,No,No,Yes,No,No,No
PMC8125376,Yes,Yes,No,No,No,Yes
PMC8127556,Yes,No,No,Yes,No,No
PMC8128697,No,No,Yes,No,No,No
PMC8129712,Yes,No,No,Yes,No,No
PMC8131289,Yes,No,No,Yes,No,No
PMC8133828,No,No,Yes,No,No,No
PMC8142481,Yes,No,No,Yes,No,No
PMC8147869,No,No,Yes,No,No,No
PMC8152813,No,No,Yes,No,No,No
PMC8155180,Yes,No,No,Yes,No,No
PMC8162154,No,No,Yes,No,No,No
PMC8162250,Yes,Yes,No,No,No,Yes
PMC8164639,Yes,No,No,Yes,No,No
PMC8165666,No,No,Yes,No,No,No
PMC8170065,Yes,No,No,Yes,No,No
PMC8174542,No,No,Yes,No,No,No
PMC8174836,Yes,No,No,Yes,No,No
PMC8175075,Yes,Yes,No,No,No,Yes
PMC8178725,No,No,Yes,No,No,No
PMC8182259,Yes,No,No,Yes,No,No
PMC8182577,No,No,Yes,No,No,No
PMC8185002,Yes,Yes,No,No,No,Yes
PMC8188982,No,No,Yes,No,No,No
PMC8189732,No,No,Yes,No,No,No
PMC8192262,Yes,No,No,Yes,No,No
PMC8192578,Yes,Yes,No,No,No,Yes
PMC8203473,Yes,No,No,Yes,No,No
PMC8207833,Yes,No,No,Yes,No,No
PMC8209373,Yes,No,No,Yes,No,No
PMC8209393,No,No,Yes,No,No,No
PMC8212763,Yes,No,No,Yes,No,No
PMC8214948,Yes,No,No,Yes,No,No
PMC8218135,No,No,Yes,No,No,No
PMC8220862,No,No,Yes,No,No,No
PMC8225676,Yes,Yes,No,No,No,Yes
PMC8230313,Yes,Yes,No,No,Yes,Yes
PMC8233218,No,No,Yes,No,No,No
PMC8233452,No,No,Yes,No,No,No
PMC8237047,No,No,Yes,No,No,No
PMC8237066,Yes,No,No,Yes,No,No
PMC8240546,Yes,No,No,Yes,No,No
PMC8240917,Yes,No,No,Yes,No,No
PMC8243525,No,No,Yes,No,No,No
PMC8244434,Yes,No,No,Yes,No,No
PMC8246604,Yes,No,No,Yes,No,No
PMC8250314,No,No,Yes,No,No,No
PMC8250466,Yes,No,No,Yes,No,No
PMC8251021,No,No,Yes,No,No,No
PMC8252977,No,No,Yes,No,No,No
PMC8258057,Yes,No,No,Yes,No,No
PMC8259419,Yes,Yes,No,No,No,Yes
PMC8261512,Yes,Yes,No,No,No,Yes
PMC8266002,Yes,No,No,Yes,No,No
PMC8269970,Yes,No,No,Yes,No,No
PMC8273672,Yes,No,No,Yes,No,No
PMC8273821,Yes,No,No,Yes,No,No
PMC8285009,No,No,Yes,No,No,No
PMC8287547,Yes,No,No,Yes,No,No
PMC8288051,Yes,No,No,Yes,No,No
PMC8295265,Yes,Yes,No,No,No,Yes
PMC8298161,Yes,No,No,Yes,No,No
PMC8299892,No,No,Yes,No,No,No
PMC8301183,Yes,No,No,Yes,No,No
PMC8311600,No,No,Yes,No,No,No
PMC8313052,No,No,Yes,No,No,No
PMC8313281,Yes,No,No,Yes,No,No
PMC8317840,No,No,Yes,No,No,No
PMC8318749,Yes,No,No,Yes,No,No
PMC8320445,No,No,Yes,No,No,No
PMC8321514,No,No,Yes,No,No,No
PMC8326176,Yes,No,No,Yes,No,No
PMC8328269,No,No,Yes,No,No,No
PMC8328792,Yes,Yes,No,No,No,Yes
PMC8330135,No,No,Yes,No,No,No
PMC8331130,Yes,No,No,Yes,No,No
PMC8331277,Yes,No,No,Yes,No,No
PMC8335851,No,No,Yes,No,No,No
PMC8336249,Yes,No,No,Yes,No,No
PMC8336795,Yes,Yes,No,No,No,Yes
PMC8341432,No,No,Yes,No,No,No
PMC8345793,Yes,No,No,Yes,No,No
PMC8349178,Yes,No,No,Yes,No,No
PMC8349269,No,No,Yes,No,No,No
PMC8350610,Yes,No,No,Yes,No,No
PMC8351329,Yes,Yes,No,No,No,Yes
PMC8352151,Yes,No,No,Yes,No,No
PMC8352508,Yes,Yes,No,No,No,Yes
PMC8353805,No,No,Yes,No,No,No
PMC8354555,No,No,Yes,No,No,No
PMC8355460,Yes,No,No,Yes,No,No
PMC8359992,Yes,No,No,Yes,No,No
PMC8363490,Yes,No,No,Yes,No,No
PMC8365570,Yes,No,No,Yes,No,No
PMC8366212,No,No,Yes,No,No,No
PMC8369337,No,No,Yes,No,No,No
PMC8370524,No,No,Yes,No,No,No
PMC8371605,Yes,Yes,No,No,No,Yes
PMC8372411,No,No,Yes,No,No,No
PMC8372483,No,No,Yes,No,No,No
PMC8373813,No,No,Yes,No,No,No
PMC8374469,Yes,No,No,Yes,No,No
PMC8379068,No,No,Yes,No,No,No
PMC8382356,No,No,Yes,No,No,No
PMC8385175,Yes,Yes,No,No,No,Yes
PMC8423361,Yes,No,No,Yes,No,No
PMC8455450,Yes,No,No,Yes,No,No
PMC8457453,Yes,No,No,Yes,No,No
PMC8457832,Yes,No,No,Yes,No,No
PMC8461876,Yes,No,No,Yes,No,No
PMC8469072,Yes,Yes,No,No,No,Yes
PMC8481113,Yes,No,No,Yes,No,No
PMC8485143,Yes,Yes,No,No,No,Yes
PMC8485854,Yes,No,No,Yes,No,No
PMC8495362,Yes,No,No,Yes,No,No
PMC8514185,Yes,No,No,Yes,No,No
PMC8522122,Yes,No,No,Yes,No,No
PMC8527119,Yes,No,No,Yes,No,No
PMC8529344,Yes,No,No,Yes,No,No
PMC8542441,Yes,No,No,Yes,No,No
PMC8545175,Yes,Yes,No,No,No,Yes
PMC8546707,Yes,No,No,Yes,No,No
PMC8553203,Yes,No,No,Yes,No,No
PMC8553642,Yes,Yes,No,No,No,Yes
PMC8554859,Yes,Yes,No,No,No,Yes
PMC8558045,Yes,No,No,Yes,No,No
PMC8568050,Yes,No,No,Yes,No,No
PMC8577373,Yes,No,No,Yes,No,No
PMC8580864,Yes,No,No,Yes,No,No
PMC8581823,Yes,No,No,Yes,No,No
PMC8586384,Yes,No,No,Yes,No,No
PMC8588886,Yes,No,No,Yes,No,No
PMC8591832,Yes,No,No,Yes,No,No
PMC8594429,Yes,No,No,Yes,No,No
PMC8596733,Yes,No,No,Yes,No,No
PMC8601010,Yes,No,No,Yes,No,No
PMC8611216,Yes,No,No,Yes,No,No
PMC8617597,Yes,No,No,Yes,No,No
PMC8629362,Yes,No,No,Yes,No,No
PMC8631067,Yes,No,No,Yes,No,No
PMC8649783,Yes,No,No,Yes,No,No
PMC8654111,Yes,No,No,Yes,No,No
PMC8664800,Yes,No,No,Yes,No,No
PMC8665129,Yes,No,No,Yes,No,No
PMC8668950,Yes,Yes,No,No,No,Yes
PMC8671660,Yes,No,No,Yes,No,No
PMC8678829,Yes,No,No,Yes,No,No
PMC8683924,Yes,No,No,Yes,No,No
PMC8690000,Yes,No,No,Yes,No,No
PMC8692444,Yes,No,No,Yes,No,No
PMC8711640,Yes,No,No,Yes,No,No
PMC8716573,Yes,No,No,Yes,No,No
PMC8718042,Yes,No,No,Yes,No,No
PMC8722581,Yes,No,No,Yes,No,No
PMC8722819,Yes,No,No,Yes,No,No
PMC8741711,Yes,No,No,Yes,No,No
PMC8752331,Yes,No,No,Yes,No,No
PMC8752652,Yes,No,No,Yes,No,No
PMC8753945,Yes,No,No,Yes,No,No
PMC8756170,Yes,No,No,Yes,No,No
PMC8756479,Yes,No,No,Yes,No,No
PMC8757162,Yes,No,No,Yes,No,No
PMC8758502,Yes,No,No,Yes,No,No
PMC8773854,Yes,No,No,Yes,No,No
PMC8785156,Yes,No,No,Yes,No,No
PMC8785369,Yes,No,No,Yes,No,No
PMC8785554,Yes,No,No,Yes,No,No
PMC8786681,Yes,No,No,Yes,No,No
PMC8790173,Yes,No,No,Yes,No,No
PMC8794258,Yes,No,No,Yes,No,No
PMC8799451,Yes,No,No,Yes,No,No
PMC8806423,Yes,No,No,Yes,No,No
PMC8808003,Yes,No,No,Yes,No,No
PMC8811587,Yes,No,No,Yes,No,No
PMC8812126,Yes,No,No,Yes,No,No
PMC8815306,Yes,No,No,Yes,No,No
PMC8815862,Yes,No,No,Yes,No,No
PMC8818124,Yes,No,No,Yes,No,No
PMC8819200,Yes,No,No,Yes,No,No
PMC8821670,Yes,No,No,Yes,No,No
PMC8831420,Yes,No,No,Yes,No,No
PMC8832594,Yes,No,No,Yes,No,No
PMC8832719,Yes,No,No,Yes,No,No
PMC8843059,Yes,Yes,No,No,No,Yes
PMC8845488,Yes,No,No,Yes,No,No
PMC8851712,Yes,No,No,Yes,No,No
PMC8861232,Yes,No,No,Yes,No,No
PMC8867103,Yes,No,No,Yes,No,No
PMC8880640,Yes,No,No,Yes,No,No
PMC8883776,Yes,No,No,Yes,No,No
PMC8884180,Yes,No,No,Yes,No,No
PMC8892361,Yes,No,No,Yes,No,No
PMC8897225,Yes,No,No,Yes,No,No
PMC8914522,Yes,No,No,Yes,No,No
PMC8920599,Yes,No,No,Yes,No,No
PMC8929464,Yes,No,No,Yes,No,No
PMC8933694,Yes,No,No,Yes,No,No
PMC8936051,Yes,No,No,Yes,No,No
PMC8939455,Yes,No,No,Yes,No,No
PMC8961007,Yes,No,No,Yes,No,No
PMC8962827,Yes,No,No,Yes,No,No
PMC8966003,Yes,No,No,Yes,No,No
PMC8967694,Yes,No,No,Yes,No,No
PMC8975993,Yes,No,No,Yes,No,No
PMC8976128,Yes,No,No,Yes,No,No
PMC8978589,Yes,No,No,Yes,No,No
PMC8982795,Yes,No,No,Yes,No,No
PMC8983058,Yes,No,No,Yes,No,No
PMC8985446,Yes,No,No,Yes,No,No
PMC8991968,Yes,No,No,Yes,No,No
PMC9015002,Yes,No,No,Yes,No,No
PMC9015781,Yes,No,No,Yes,No,No
PMC9022904,Yes,No,No,Yes,No,No
PMC9035984,Yes,No,No,Yes,No,No
PMC9037471,Yes,No,No,Yes,No,No
PMC9041159,Yes,No,No,Yes,No,No
PMC9046460,Yes,No,No,Yes,No,No
PMC9051300,Yes,No,No,Yes,No,No
PMC9051353,Yes,No,No,Yes,No,No
PMC9051950,Yes,No,No,Yes,No,No
PMC9052977,Yes,No,No,Yes,No,No
PMC9054943,Yes,No,No,Yes,No,No
PMC9067264,Yes,No,No,Yes,No,No
PMC9075456,Yes,No,No,Yes,No,No
PMC9086604,Yes,No,No,Yes,No,No
PMC9088642,Yes,No,No,Yes,No,No
PMC9089236,Yes,No,No,Yes,No,No
PMC9096110,Yes,No,No,Yes,No,No
PMC9119815,Yes,No,No,Yes,No,No
PMC9123915,Yes,No,No,Yes,No,No
PMC9125693,Yes,No,No,Yes,No,No
PMC9128253,Yes,No,No,Yes,No,No
PMC9128757,Yes,No,No,Yes,No,No
PMC9134927,Yes,No,No,Yes,No,No
PMC9142346,Yes,No,No,Yes,No,No
PMC9149237,Yes,No,No,Yes,No,No
PMC9151694,Yes,No,No,Yes,No,No
PMC9163240,Yes,No,No,Yes,No,No
PMC9174423,Yes,No,No,Yes,No,No
PMC9188460,Yes,No,No,Yes,No,No
PMC9196053,Yes,No,No,Yes,No,No
PMC9200444,Yes,No,No,Yes,No,No
PMC9207566,Yes,No,No,Yes,No,No
PMC9210967,Yes,No,No,Yes,No,No
PMC9221925,Yes,No,No,Yes,No,No
PMC9233873,Yes,No,No,Yes,No,No
PMC9234342,Yes,No,No,Yes,No,No
PMC9234640,Yes,No,No,Yes,No,No
PMC9248279,Yes,No,No,Yes,No,No
PMC9252801,Yes,Yes,No,No,No,Yes
PMC9255993,Yes,No,No,Yes,No,No
PMC9278593,Yes,No,No,Yes,No,No
PMC9293610,Yes,No,No,Yes,No,No
PMC9294765,Yes,No,No,Yes,No,No
PMC9296601,Yes,No,No,Yes,No,No
PMC9297869,Yes,No,No,Yes,No,No
PMC9324235,Yes,No,No,Yes,No,No
PMC9328381,Yes,Yes,No,No,No,Yes
PMC9329459,Yes,Yes,No,No,No,Yes
PMC9338198,Yes,No,No,Yes,No,No
PMC9338423,Yes,No,No,Yes,No,No
PMC9347213,Yes,No,No,Yes,No,No
PMC9353566,Yes,No,No,Yes,No,No
PMC9363874,Yes,No,No,Yes,No,No
PMC9386205,Yes,No,No,Yes,No,No
PMC9388181,Yes,No,No,Yes,No,No
PMC9391413,Yes,No,No,Yes,No,No
PMC9413214,Yes,No,No,Yes,No,No
PMC9420706,Yes,No,No,Yes,No,No
PMC9438026,Yes,No,No,Yes,No,No
PMC9449110,Yes,No,No,Yes,No,No
PMC9461546,Yes,No,No,Yes,No,No
PMC9463539,Yes,No,No,Yes,No,No
PMC9473813,Yes,No,No,Yes,No,No
PMC9485378,Yes,No,No,Yes,No,No
PMC9485420,Yes,No,No,Yes,No,No
PMC9490331,Yes,No,No,Yes,No,No
PMC9505703,Yes,No,No,Yes,No,No
PMC9512095,Yes,No,No,Yes,No,No
PMC9525754,Yes,No,No,Yes,No,No
PMC9530987,Yes,No,No,Yes,No,No
PMC9532264,Yes,No,No,Yes,No,No
PMC9534370,Yes,No,No,Yes,No,No
PMC9539078,Yes,No,No,Yes,No,No
PMC9544906,Yes,No,No,Yes,No,No
PMC9550874,Yes,No,No,Yes,No,No
PMC9560533,Yes,No,No,Yes,No,No
PMC9561045,Yes,No,No,Yes,No,No
PMC9573904,Yes,No,No,Yes,No,No
PMC9577132,Yes,No,No,Yes,No,No
PMC9580958,Yes,Yes,No,No,No,Yes
PMC9583040,Yes,No,No,Yes,No,No
PMC9586871,Yes,No,No,Yes,No,No
PMC9588865,Yes,No,No,Yes,No,No
PMC9592196,Yes,No,No,Yes,No,No
PMC9596523,Yes,No,No,Yes,No,No
PMC9608344,Yes,No,No,Yes,No,No
PMC9611587,Yes,No,No,Yes,No,No
PMC9630254,Yes,No,No,Yes,No,No
PMC9637023,Yes,No,No,Yes,No,No
PMC9639534,Yes,No,No,Yes,No,No
PMC9641193,Yes,No,No,Yes,No,No
PMC9646469,Yes,No,No,Yes,No,No
PMC9653296,Yes,No,No,Yes,No,No
PMC9664923,Yes,No,No,Yes,No,No
PMC9673279,Yes,No,No,Yes,No,No
PMC9677088,Yes,No,No,Yes,No,No
PMC9681730,Yes,Yes,No,No,No,Yes
PMC9684182,Yes,No,No,Yes,No,No
PMC9686141,Yes,No,No,Yes,No,No
PMC9701063,Yes,No,No,Yes,No,No
PMC9720038,Yes,No,No,Yes,No,No
PMC9723999,Yes,No,No,Yes,No,No
PMC9724476,Yes,No,No,Yes,No,No
PMC9724931,Yes,No,No,Yes,No,No
PMC9731601,Yes,No,No,Yes,No,No
PMC9746351,Yes,No,No,Yes,No,No
PMC9757591,Yes,Yes,No,No,No,Yes
PMC9780161,Yes,No,No,Yes,No,No
PMC9789372,Yes,No,No,Yes,No,No
PMC9802238,Yes,No,No,Yes,No,No
PMC9804041,Yes,No,No,Yes,No,No
PMC9805592,Yes,Yes,No,No,No,Yes
PMC9813835,Yes,No,No,Yes,No,No
PMC9826045,Yes,No,No,Yes,No,No
PMC9836197,Yes,No,No,Yes,No,No
PMC9837969,Yes,No,No,Yes,No,No
PMC9840815,Yes,No,No,Yes,No,No
PMC9842515,Yes,No,No,Yes,No,No
PMC9847512,Yes,No,No,Yes,No,No
PMC9857757,Yes,No,No,Yes,No,No
PMC9859667,Yes,No,No,Yes,No,No
PMC9860482,Yes,No,No,Yes,No,No
PMC9860560,Yes,No,No,Yes,No,No
PMC9869541,Yes,No,No,Yes,No,No
PMC9871862,Yes,No,No,Yes,No,No
PMC9872953,Yes,No,No,Yes,No,No
PMC9883648,Yes,No,No,Yes,No,No
PMC9884331,Yes,No,No,Yes,No,No
PMC9885377,Yes,No,No,Yes,No,No
PMC9886331,Yes,No,No,Yes,No,No
PMC9889147,Yes,No,No,Yes,No,No
PMC9890578,Yes,No,No,Yes,No,No
PMC9894083,Yes,No,No,Yes,No,No
PMC9896464,Yes,No,No,Yes,No,No
PMC9902733,Yes,No,No,Yes,No,No
PMC9903217,Yes,No,No,Yes,No,No
PMC9911092,Yes,No,No,Yes,No,No
PMC9911490,Yes,No,No,Yes,No,No
PMC9918309,Yes,No,No,Yes,No,No
PMC9924077,Yes,No,No,Yes,No,No
PMC9925947,Yes,No,No,Yes,No,No
PMC9925982,Yes,No,No,Yes,No,No
PMC9926933,Yes,No,No,Yes,No,No
PMC9927558,Yes,No,No,Yes,No,No
PMC9931490,Yes,No,No,Yes,No,No
PMC9931938,Yes,No,No,Yes,No,No
PMC9935764,Yes,No,No,Yes,No,No
PMC9936672,Yes,No,No,Yes,No,No
PMC9938066,Yes,No,No,Yes,No,No
PMC9938619,Yes,No,No,Yes,No,No
PMC9953018,Yes,No,No,Yes,No,No
PMC9953292,Yes,No,No,Yes,No,No
PMC9962729,Yes,No,No,Yes,No,No
PMC9968666,Yes,No,No,Yes,No,No
PMC9974847,Yes,No,No,Yes,No,No
PMC9975100,Yes,No,No,Yes,No,No
PMC9977388,Yes,No,No,Yes,No,No
PMC9978716,Yes,No,No,Yes,No,No
PMC9980216,Yes,No,No,Yes,No,No
PMC9992284,Yes,No,No,Yes,No,No
PMC9993011,Yes,No,No,Yes,No,No
PMCTrue,No,No,No,No,No,Yes
