File	Key	Old_Value	New_Value	Type
PMC5650527	publication/pmid	28624633	28624633	Update
PMC5650527	publication/pmcid	None	PMC5650527	New_Key
PMC5650527	publication/updated	03/08/2022 10:24:58	0	Update
PMC5650527	publication/authors	Sánchez-Rodríguez A, Pérez-Castillo Y, Schürer SC, Nicolotti O, Mangiatordi GF, Borges F, Cordeiro MNDS, Tejera E, Medina-Franco JL, Cruz-Monteagudo M	Sánchez-Rodríguez A, Pérez-Castillo Y, Schürer SC, Nicolotti O, Mangiatordi GF, Borges F, Cordeiro MNDS, Tejera E, Medina-Franco JL, Cruz-Monteagudo M.	Update
PMC5650527	publication/journal	Drug Discov Today	Drug discovery today	Update
PMC5650527	publication/year	2017	2017	Update
PMC5650527	publication/tags	[]	True	Update
PMC5650527	dataset/availability	yes	Yes, in supporting information	Update
PMC5650527	dataset/provenance	"https://doi.org/10.7554/eLife.01256.001,
https://doi.org/10.1534/g3.115.018853"	Yes (ChEMBL-NTD Novartis dataset and dataset from previous publication)	Update
PMC5650527	dataset/redundancy	"In order to avoid excessive numbers of false
positive calls due to this imbalance, we trained the
models to optimize the metric Kappa rather than accuracy, as Kappa accounts for imbalanced number of genes
belonging to each class in training data"	Yes, independent training, test and external test sets generated using sphere exclusion algorithms	Update
PMC5650527	dataset/splits	253 MAE genes and 1127 BAE genes	Yes: N_pos and N_neg for training, test and external test sets	Update
PMC5650527	dataset/done	4	0	Update
PMC5650527	optimization/algorithm	various	LSSVM	Update
PMC5650527	optimization/encoding	processing of signals and the resulting values are converted to quantile rank.	Fragments of atoms and bonds (ISIDA Fragmentor software) scaled to the interval [0-1]	Update
PMC5650527	optimization/features	defaults classification labels lists or can be provided by the user	Yes: 5-25 features per model, randomly selected among 250 most informative on training dataset (removal of features returning nearly constant values (about for 99%) and selection of top-250 according to Mutual Information Quotient score (Minimal Redundancy Maximal Relevance mRMR algorithm))	Update
PMC5650527	optimization/fitting	no	No	Update
PMC5650527	optimization/meta	authors recommend to choose the model with the highest F1-score	Yes: model aggregation (ensemble modeling) and multi-criteria decision making Trained on the same dataset	Update
PMC5650527	optimization/parameters	not clearly  stated	2 LSSVM parameters (RBF kernel (σ2) and regularization (γ))  Minimization of the misclassification rate of the 10-fold cross-validated training dataset	Update
PMC5650527	optimization/regularization	no	Yes: γ parameter (LSSVM) 	Update
PMC5650527	optimization/done	7	0	Update
PMC5650527	optimization/skip	1	0	Update
PMC5650527	model/availability	https://github.com/gimelbrantlab/magic	No	Update
PMC5650527	model/duration		No	Update
PMC5650527	model/interpretability	various methods to directly determine class of genes	Black box	Update
PMC5650527	model/output	classification	Classification and score based on LSSVM scores	Update
PMC5650527	model/done	3	0	Update
PMC5650527	model/skip	1	0	Update
PMC5650527	evaluation/comparison		No	Update
PMC5650527	evaluation/confidence	qualitative description of the advantages of the presented pipeline	No	Update
PMC5650527	evaluation/measure	precision and recall	Accuracy (Acc), Sensitivity (Se), Specificity (Sp) and Balanced Classification Rate (BCR) Area Under the Accumulation Curve (AUAC); Area under the Receiver Operating Characteristic Curve (ROC); Enrichment factor (EF) and Boltzmann-enhanced discrimination of ROC (BEDROC)	Update
PMC5650527	evaluation/method	Cross-validation and independent dataset	Independent dataset	Update
PMC5650527	evaluation/done	3	0	Update
PMC5650527	evaluation/skip	2	0	Update
PMC7680913	publication/pmid	33240258	33240258	Update
PMC7680913	publication/pmcid	None	PMC7680913	New_Key
PMC7680913	publication/updated	02/09/2022 15:02:29	0	Update
PMC7680913	publication/authors	Jia J, Wang M, Ma Y, Teng J, Shi H, Liu H, Sun Y, Su Y, Meng J, Chi H, Chen X, Cheng X, Ye J, Liu T, Wang Z, Wan L, Zhou Z, Wang F, Yang C, Hu Q	Jia J, Wang M, Ma Y, Teng J, Shi H, Liu H, Sun Y, Su Y, Meng J, Chi H, Chen X, Cheng X, Ye J, Liu T, Wang Z, Wan L, Zhou Z, Wang F, Yang C, Hu Q.	Update
PMC7680913	publication/journal	Front Immunol	Frontiers in immunology	Update
PMC7680913	publication/year	2020	2020	Update
PMC7680913	publication/tags	[]	True	Update
PMC7680913	dataset/availability	Support information files.	in supplementary files	Update
PMC7680913	dataset/provenance	Database CATnot reportedP http://hiv.lanl.gov/catnap	they created the dataset	Update
PMC7680913	dataset/redundancy		not applicable	Update
PMC7680913	dataset/splits	3864 exact IC50 values are split randomly in half into a training set and a validation set.	training set: 40 (23 active and 17 inactive) patients & 24 healthy, validation set: 26 (18 active and 8 inactive) patients & 16 healthy	Update
PMC7680913	dataset/done	3	0	Update
PMC7680913	dataset/skip	1	0	Update
PMC7680913	optimization/algorithm	Multi-Layer Perceptron 	SVM	Update
PMC7680913	optimization/config		No	Update
PMC7680913	optimization/encoding		global features invlude various clinical characteristis of sampes.	Update
PMC7680913	optimization/features	6179	4(Plasma samples were used to measure cell-free DNA, NE-DNA, MPO-DNA, and citH3-DNA complexes from training and validation sets.)	Update
PMC7680913	optimization/fitting		Not applicable	Update
PMC7680913	optimization/parameters	200	Grid search and Gaussian radial basis function kernels were implemented for tuning parameters.	Update
PMC7680913	optimization/regularization	No, high ratio between the number of experimental values in the training and number of parameters in the model 	Not applicable	Update
PMC7680913	optimization/done	4	0	Update
PMC7680913	optimization/skip	4	0	Update
PMC7680913	model/availability	Supplementary information	no	Update
PMC7680913	model/duration	about 13 minutes	not mentioned	Update
PMC7680913	model/interpretability	Black Box	Black box	Update
PMC7680913	model/output	Both	classification: binary predictions	Update
PMC7680913	model/done	4	0	Update
PMC7680913	evaluation/availability		no	Update
PMC7680913	evaluation/comparison	Neural Network with two hidden layers, k-nearest neighbors, Random Forest, SVM	novel approach	Update
PMC7680913	evaluation/confidence	Confidence intervals	svms accuracy	Update
PMC7680913	evaluation/measure	Confusion matrix	ROC, AUC, sensitivity, specificity	Update
PMC7680913	evaluation/method	Cross-validation	indipendent dataset	Update
PMC7680913	evaluation/done	4	0	Update
PMC7680913	evaluation/skip	1	0	Update
PMC7816647	publication/pmid	33464298	33464298	Update
PMC7816647	publication/pmcid	None	PMC7816647	New_Key
PMC7816647	publication/updated	03/21/2022 08:46:51	0	Update
PMC7816647	publication/authors	Kanfer G, Sarraf SA, Maman Y, Baldwin H, Dominguez-Martin E, Johnson KR, Ward ME, Kampmann M, Lippincott-Schwartz J, Youle RJ	Kanfer G, Sarraf SA, Maman Y, Baldwin H, Dominguez-Martin E, Johnson KR, Ward ME, Kampmann M, Lippincott-Schwartz J, Youle RJ.	Update
PMC7816647	publication/journal	J Cell Biol	The Journal of cell biology	Update
PMC7816647	publication/year	2021	2021	Update
PMC7816647	publication/tags	[]	True	Update
PMC7816647	dataset/availability	Yes. They used a public dataset published in a previous paper. Paper doi: 10.1109/ACCESS.2020.3010287	Yes, https://github.com/ gkanfer/AI-PS/tree/master/facs	Update
PMC7816647	dataset/provenance	"Public dataset of Chest X Rays scans labeled for ""normal"", ""viral pneumonia"", and ""COVID-19"". N_normal = 1341; N_viral_pneumonia = 1345; N_covid19 = 219. Used in previous papers."	Parking and GFP-TFEB images generated in the same study	Update
PMC7816647	dataset/redundancy	Only one dataset is used. They used 5-fold cross-validation on the dataset for evaluation.	Not applicable	Update
PMC7816647	dataset/splits	No test or validation set used. They used 5-fold cross-validation on the dataset for evaluation. Distribution of the classes in the splits not reported	Training 80%, validation 15%, 5% Independent test data. N_pos and N_neg unknown for training data. For independent data: N_pos=5401, N_neg=4948.	Update
PMC7816647	dataset/done	4	0	Update
PMC7816647	optimization/algorithm	Combination of three DenseNet-121, the output of which was combined in a final fully connected layer. 	SVM and Convolutional Neural Network (ImageNet architecture)	Update
PMC7816647	optimization/config	No	Some hyperparameters specified in the main text	Update
PMC7816647	optimization/encoding	The classifier input data are generated by an unsupervised ML algorithm (MS-AdaNet). No transformation is stated for the input data of MS-AdaNet.	150x150 pixel images (CNN). Image descrptors for SVM	Update
PMC7816647	optimization/features	The inputs of the algorithm are three images. The definition of the images is not reported	f=3 (pixel intensities) for CNN. f=3 for SVM (descriptors selected after PCA-based feature selection)	Update
PMC7816647	optimization/fitting		Early stopping used to prevent overfitting (CNN)	Update
PMC7816647	optimization/meta	"Yes. The classifier input data are generated using an unsupervised ML algorithm extracting three image features from Chest X Rays scans. Such unsupervised ML algorithm is a convolutional adversarial network (they call that ""MS-AdaNet"").

They train and test MS-AdaNet on a independent dataset to prove its ability in extrating features. However they trained this algorithm also on the dataset use for classification when the MS-AdaNet is used as input for the classifier."	No	Update
PMC7816647	optimization/parameters		Unknown	Update
PMC7816647	optimization/regularization	No overfitting prevention strategy is mentioned.	No	Update
PMC7816647	optimization/done	5	0	Update
PMC7816647	optimization/skip	3	0	Update
PMC7816647	model/availability	No	Yes https://github.com/gkanfer/AI-PS	Update
PMC7816647	model/duration		Not availbale	Update
PMC7816647	model/output	Classification	Binary classification	Update
PMC7816647	model/done	2	0	Update
PMC7816647	model/skip	2	0	Update
PMC7816647	evaluation/availability	No	Not available	Update
PMC7816647	evaluation/comparison	Compared with other methods presented in literature.	No	Update
PMC7816647	evaluation/confidence	No confidence intervals or statistical significance provided.	No confidence reported	Update
PMC7816647	evaluation/measure	Accuracy, F1 score, Recall, and Precision	Accuracy, AUPRC	Update
PMC7816647	evaluation/method	5-fold cross-validation	Independent testing	Update
PMC7816647	evaluation/done	4	0	Update
PMC7816647	evaluation/skip	1	0	Update
PMC4589233	publication/pmid	26422234	26422234	Update
PMC4589233	publication/pmcid	None	PMC4589233	New_Key
PMC4589233	publication/updated	03/09/2022 10:11:09	0	Update
PMC4589233	publication/authors	Søndergaard D, Pedersen CN	Søndergaard D, Pedersen CN.	Update
PMC4589233	publication/journal	PLoS One	PloS one	Update
PMC4589233	publication/year	2015	2015	Update
PMC4589233	publication/tags	[]	True	Update
PMC4589233	dataset/availability	"Yes, the Drosophila Bicoid data used in this study is available from the FlyEx database, http://urchin.spbcas.ru/flyex/
"	yes	Update
PMC4589233	dataset/provenance	syntetic data and one public dataset	a dataset of 515 sequences annotated with experimentally verified subtypes; 11 classes	Update
PMC4589233	dataset/redundancy		the dataset was also clustered at similarity thresholds of 30%, 50%, 75%, and 90%	Update
PMC4589233	dataset/splits		20 runs of non-stratified 5-fold CVs and 2-fold CVs	Update
PMC4589233	dataset/done	2	0	Update
PMC4589233	dataset/skip	2	0	Update
PMC4589233	optimization/algorithm	Novel approach	KNN	Update
PMC4589233	optimization/config		Yes: text	Update
PMC4589233	optimization/encoding		global features: distances are calculated by BLAST	Update
PMC4589233	optimization/features		variable sequence lengths of around 1000 AAs	Update
PMC4589233	optimization/fitting		a range of K values tested (1-50), 2 different CV protocols, weighted KNN	Update
PMC4589233	optimization/done	1	0	Update
PMC4589233	optimization/skip	7	0	Update
PMC4589233	model/availability	Supplementary data of the article	https://services.birc.au.dk/patbox/ - not available as of 09/03/2022	Update
PMC4589233	model/duration		not provided	Update
PMC4589233	model/interpretability	Black box	transparent: k=1 was selected, which is basically the sequence similarity method	Update
PMC4589233	model/output	Regression	binary predictions	Update
PMC4589233	model/done	3	0	Update
PMC4589233	model/skip	1	0	Update
PMC4589233	evaluation/availability		No	Update
PMC4589233	evaluation/comparison	stochastic simulations	one other method based on ANN is mentioned in the text 	Update
PMC4589233	evaluation/confidence		standard deviation is reported in a figure based on 20*5 values	Update
PMC4589233	evaluation/measure		accuracy	Update
PMC4589233	evaluation/method		5-fold and 2-fold CV	Update
PMC4589233	evaluation/done	1	0	Update
PMC4589233	evaluation/skip	4	0	Update
PMC8185002	publication/pmid	34099697	34099697	Update
PMC8185002	publication/pmcid	None	PMC8185002	New_Key
PMC8185002	publication/updated	03/07/2022 21:14:17	0	Update
PMC8185002	publication/authors	Gao D, Morini E, Salani M, Krauson AJ, Chekuri A, Sharma N, Ragavendran A, Erdin S, Logan EM, Li W, Dakka A, Narasimhan J, Zhao X, Naryshkin N, Trotta CR, Effenberger KA, Woll MG, Gabbeta V, Karp G, Yu Y, Johnson G, Paquette WD, Cutting GR, Talkowski ME, Slaugenhaupt SA	Gao D, Morini E, Salani M, Krauson AJ, Chekuri A, Sharma N, Ragavendran A, Erdin S, Logan EM, Li W, Dakka A, Narasimhan J, Zhao X, Naryshkin N, Trotta CR, Effenberger KA, Woll MG, Gabbeta V, Karp G, Yu Y, Johnson G, Paquette WD, Cutting GR, Talkowski ME, Slaugenhaupt SA.	Update
PMC8185002	publication/journal	Nat Commun	Nature communications	Update
PMC8185002	publication/year	2021	2021	Update
PMC8185002	publication/tags	[]	True	Update
PMC8185002	dataset/availability	No. However, raw data can be downloaded  as data sets can be of GSE53625 from GEO (https://www.ncbi.nlm.nih.gov/geo/) and 37 ESCC cases with Asian ancestry from TCGA (UCSC Xena, https://xena.ucsc.edu/).	Data is provided as supplementary information (supplementary data 1) and via GEO	Update
PMC8185002	dataset/provenance	Downloaded from public sources	RNA-seq data produced by the authors. The set includes 934 exon triplets responding to a BPN15477b treatment. 245 with increased exon inclusion and 680 with increased exclusion. They added 382 exon triplets which did not trigger a response (negative set). Data is used for a three-class predictor. 	Update
PMC8185002	dataset/redundancy	No similarity check	No stratification wa reported	Update
PMC8185002	dataset/splits	Train set of 134 samples, test of 45 samples, and a validation sets consisting of 86 samples. No mention to N_pos or N_neg.	Data divided in training (178 inclusion responded, 478 exclusion responded and 268 unchanged), validation (51inclusion responded, 136 exclusion responded and 76 unchanged) and test set (25 inclusion responded, 68 exclusion responded and 38 unchanged). the data is split randomly over these 3 sets. 	Update
PMC8185002	dataset/done	4	0	Update
PMC8185002	optimization/algorithm	Generalized Linear models, SVM, NN, Random Forests and XGBoost,	CNN, explained in Methods and figure in SI. Predicts a value between 0 and 1 for each of the three classes: inclusion, exclusion and unchanged. Aim is to predict splicing size changes (including no change) after BPN15477 treatment.	Update
PMC8185002	optimization/config	No	Code is available on GitHub (haven't checked it)	Update
PMC8185002	optimization/encoding	Normalization according to an external reference Gut. 2014;63(11):1700–10. https://doi.org/10.1136/gutjnl-2013-305806.	Onehot encoding of concatenated triplets of 3 exons (details see paper)	Update
PMC8185002	optimization/features	No description	400x4 matrix for each exon triplet. No feature selection performed	Update
PMC8185002	optimization/fitting	No description	used L-1 regularisation to avoid overfitting (coefficient =0.6) in the convolutional layer and dropout strategy im the hidden layer	Update
PMC8185002	optimization/meta	No	No data from other predictors is used	Update
PMC8185002	optimization/parameters	No description	Huge number of network parameters (2.5 million trainable parameters as mentioned by the authors). 	Update
PMC8185002	optimization/regularization	No	Overfitting limited through limitation on number of training epochs (12th epoch).  Comparison to 1000 other models with same structure using different random initialisations.  Evaluations done on separate validation and test sets	Update
PMC8185002	optimization/done	5	0	Update
PMC8185002	optimization/skip	3	0	Update
PMC8185002	model/availability	No	via GitHub	Update
PMC8185002	model/duration		not mentioned	Update
PMC8185002	model/interpretability	Linear models and ensemble methods	Method is black box but they provide an exhaustive evaluation of the predictions (compared to 1000 other models) and performed an analysis of the data, through other methods and experiments.	Update
PMC8185002	model/output	both regression and classification	classification (values between 0 and 1 for each class)	Update
PMC8185002	model/done	2	0	Update
PMC8185002	model/skip	2	0	Update
PMC8185002	evaluation/availability	No	didn't find it	Update
PMC8185002	evaluation/comparison	No comparison	not relevant for this work,	Update
PMC8185002	evaluation/confidence	Unpaired or paired Student t-test and log-rank tests for Kaplan-Meier	Provided in detail (see statistical analysis section)	Update
PMC8185002	evaluation/measure	ROC-AUC	AUC and precision recall	Update
PMC8185002	evaluation/method	one training set, one test set and one validation set.	Data split in training, validation and testing. Experimental verification of predictions.	Update
PMC8185002	evaluation/done	4	0	Update
PMC8185002	evaluation/skip	1	0	Update
PMC6594643	publication/pmid	31199787	31199787	Update
PMC6594643	publication/pmcid	None	PMC6594643	New_Key
PMC6594643	publication/updated	None	0	New_Key
PMC6594643	publication/authors	Kymberleigh A. Pagel, Danny Antaki, AoJie Lian, Matthew Mort, David N. Cooper, Jonathan Sebat, Lilia M. Iakoucheva, Sean D. Mooney, and Predrag Radivojac	Pagel KA, Antaki D, Lian A, Mort M, Cooper DN, Sebat J, Iakoucheva LM, Mooney SD, Radivojac P.	Update
PMC6594643	publication/journal	PLOS Computational Biology	PLoS computational biology	Update
PMC6594643	publication/title	Pathogenicity and functional impact of non-frameshifting insertion/deletion variation in the human genome	Pathogenicity and functional impact of non-frameshifting insertion/deletion variation in the human genome.	Update
PMC6594643	publication/year	2019	2019	Update
PMC6594643	publication/done	None	0	New_Key
PMC6594643	publication/skip	None	0	New_Key
PMC6594643	publication/tags	[]	True	Update
PMC10716825	publication/pmid	None	38091508	New_Key
PMC10716825	publication/pmcid	None	PMC10716825	New_Key
PMC10716825	publication/updated	None	0	New_Key
PMC10716825	publication/authors	Akshay Akshay, Masoud Abedi, Navid Shekarchizadeh, Fiona C Burkhard, Mitali Katoch, Alex Bigger-Allen,Rosalyn M Adam, Katia Monastyrskaya, Ali Hashemi Gheinani	Akshay A, Abedi M, Shekarchizadeh N, Burkhard FC, Katoch M, Bigger-Allen A, Adam RM, Monastyrskaya K, Gheinani AH.	Update
PMC10716825	publication/title	MLcps: machine learning cumulative performance score for classification problems	MLcps: machine learning cumulative performance score for classification problems.	Update
PMC10716825	publication/year	2023	2023	Update
PMC10716825	publication/done	None	0	New_Key
PMC10716825	publication/skip	None	0	New_Key
PMC10716825	publication/tags	[]	True	Update
PMC10716825	dataset/done	None	4	New_Key
PMC10716825	dataset/skip	None	0	New_Key
PMC10716825	optimization/done	None	7	New_Key
PMC10716825	optimization/skip	None	1	New_Key
PMC10716825	model/done	None	4	New_Key
PMC10716825	model/skip	None	0	New_Key
PMC10716825	evaluation/done	None	4	New_Key
PMC10716825	evaluation/skip	None	1	New_Key
PMC7054390	publication/pmid	31857725	31857725	Update
PMC7054390	publication/pmcid	None	PMC7054390	New_Key
PMC7054390	publication/updated	05/20/2022 16:23:02	0	Update
PMC7054390	publication/authors	Blyuss O, Zaikin A, Cherepanova V, Munblit D, Kiseleva EM, Prytomanova OM, Duffy SW, Crnogorac-Jurcevic T	Blyuss O, Zaikin A, Cherepanova V, Munblit D, Kiseleva EM, Prytomanova OM, Duffy SW, Crnogorac-Jurcevic T.	Update
PMC7054390	publication/journal	Br J Cancer	British journal of cancer	Update
PMC7054390	publication/year	2020	2020	Update
PMC7054390	publication/tags	[]	True	Update
PMC7054390	dataset/availability	No	Data available on request from the corresponding author.	Update
PMC7054390	dataset/provenance	Yes: dataset generated by own experiment	Specimens collected at the Royal London Hospital, University College London Hospital, Liverpool University and the CNIO Madrid, Spain, plus further samples obtained from Pancreas Tissue Bank (https://www. bartspancreastissuebank.org.uk).  N_pos = 199 ( pancreatic ductal adenocarcinoma (PDAC) patients), N_neg = 180 (healthy patients). No previously used.	Update
PMC7054390	dataset/redundancy	No	Not applicable.	Update
PMC7054390	dataset/splits	~Yes but not very clear: 12 pos and 12 neg images, duplicated (image divided into four quadrant)->48 images pos and 48 images neg. divided: 80% cross-validation training set and 20% testing set.	Random division in a 1:1 ratio for train and test.   N_pos_train = 96, N_neg_train = 95,  N_pos_test = 103, N_neg_test = 85.    50.3% positives on training set.   54.8% positives on test set.	Update
PMC7054390	dataset/done	2	0	Update
PMC7054390	dataset/skip	2	0	Update
PMC7054390	optimization/algorithm	Yes: SVM	Logistic regression.	Update
PMC7054390	optimization/config	No	No.	Update
PMC7054390	optimization/encoding	Yes: images features (fractal dimension, 2D wavelet coefficients, percolation score)	Not reported.	Update
PMC7054390	optimization/features	No	Only 5 predictors available, no selection applied in this work.  The 5 predictors were the result of a selection applied in a previous work (PMID: 21136905), by quantifying differentially expressed proteins in urine proteomes.	Update
PMC7054390	optimization/fitting	No	Bootstrap cross-validation was used for the internal validation to ensure that overfitting is avoided. Following that, elastic net was used for the regularisation of the coefficients to obtain the final model.  	Update
PMC7054390	optimization/meta	No	No.	Update
PMC7054390	optimization/parameters	No	The authors do not mention parameters numbers different from standard. 	Update
PMC7054390	optimization/regularization	No	Yes, use of elastic net.	Update
PMC7054390	optimization/done	2	0	Update
PMC7054390	optimization/skip	6	0	Update
PMC7054390	model/availability	No	Logistic regression: The “glmnet” package from R was used with elastic net regularisation.    NN: Python packages tensorflow, keras, and scikit-learn.  RF: The “party” package from R.   SVM:  The “svmLinear” method from the “caret” package in R was used.  NF: The r-algorithm developed by Shor was used with a precision ε = 0.001. Software implementation of this approach was developed within the Visual Studio 2013 environment.	Update
PMC7054390	model/duration	No	Not reported.	Update
PMC7054390	model/interpretability	~Yes: comparison between different features	Logistic Regression is generally considered transparent.  In a previous work (PMID: 26240291) the authors examined the good predicting power of each of the 3 urine biomarkers (LYVE1, REG1A, and TFF1) taken separately.   However, an explaination of the joint effect of the variables has not been attempted.	Update
PMC7054390	model/output	Regression	Binary classification (high PDAC risk or not).	Update
PMC7054390	model/done	2	0	Update
PMC7054390	model/skip	2	0	Update
PMC7054390	evaluation/availability	No	No.	Update
PMC7054390	evaluation/comparison	No	Logistic regression was compared to neural network (NN), neuro-fuzzy technology (NF), random forest (RF) and support vector machine (SVM).  None of those additional approaches significantly outperformed logistic regression. 	Update
PMC7054390	evaluation/confidence	No	Inference for the ROC curves was based on cluster-robust standard errors that accounted for the serially correlated nature of the samples. It was not possible to create ROC curves and therefore AUC for RF and SVM since the outcome was not continuous. McNemar’s exact test was used to assess the significance of difference in SN at fixed SP and DeLong’s test was used to assess the significance of differences in AUC between approaches. Confidence intervals (CI 95%) for AUCs were derived based on the DeLong’s method to evaluate the uncertainty of an AUC; SN and SP 95% CI were derived using bootstrap replicates. To allow for multiple testing, both types of tests were adjusted using the Bonferroni correction. 	Update
PMC7054390	evaluation/measure	Yes: accuracy = R-square and RMSE	AUROC (except for RF and SVM) and sensitivity at clinically relevant specificity.	Update
PMC7054390	evaluation/method	independent dataset	Independent dataset.	Update
PMC7054390	evaluation/done	2	0	Update
PMC7054390	evaluation/skip	3	0	Update
PMC8162250	publication/pmid	34104645	34104645	Update
PMC8162250	publication/pmcid	None	PMC8162250	New_Key
PMC8162250	publication/updated	None	0	New_Key
PMC8162250	publication/authors	Yan Liu, Hui Geng, Bide Duan, Xiuzhi Yang, Airong Ma, and Xiaoyan Ding	Liu Y, Geng H, Duan B, Yang X, Ma A, Ding X.	Update
PMC8162250	publication/journal	BioMed Research International	BioMed research international	Update
PMC8162250	publication/title	Identification of Diagnostic CpG Signatures in Patients with Gestational Diabetes Mellitus via Epigenome-Wide Association Study Integrated with Machine Learning	Identification of Diagnostic CpG Signatures in Patients with Gestational Diabetes Mellitus <i>via</i> Epigenome-Wide Association Study Integrated with Machine Learning.	Update
PMC8162250	publication/year	2021	2021	Update
PMC8162250	publication/done	None	0	New_Key
PMC8162250	publication/skip	None	0	New_Key
PMC8162250	publication/tags	[]	True	Update
PMC10730818	publication/pmid	None	38114456	New_Key
PMC10730818	publication/pmcid	None	PMC10730818	New_Key
PMC10730818	publication/updated	None	0	New_Key
PMC10730818	publication/authors	Andy M Lau, Shaun M Kandathil, David T Jones	Lau AM, Kandathil SM, Jones DT.	Update
PMC10730818	publication/journal	10.1038/s41467-023-43934-4	Nature communications	Update
PMC10730818	publication/title	Merizo: a rapid and accurate protein domain segmentation method using invariant point attention	Merizo: a rapid and accurate protein domain segmentation method using invariant point attention.	Update
PMC10730818	publication/year	2023	2023	Update
PMC10730818	publication/done	None	0	New_Key
PMC10730818	publication/skip	None	0	New_Key
PMC10730818	publication/tags	[]	True	Update
PMC10730818	dataset/done	None	4	New_Key
PMC10730818	dataset/skip	None	0	New_Key
PMC10730818	optimization/done	None	7	New_Key
PMC10730818	optimization/skip	None	1	New_Key
PMC10730818	model/done	None	4	New_Key
PMC10730818	model/skip	None	0	New_Key
PMC10730818	evaluation/done	None	4	New_Key
PMC10730818	evaluation/skip	None	1	New_Key
PMC11258913	publication/pmid	None	39028588	New_Key
PMC11258913	publication/pmcid	None	PMC11258913	New_Key
PMC11258913	publication/updated	None	0	New_Key
PMC11258913	publication/authors	Chao Zhang, Lin Liu, Ying Zhang, Mei Li, Shuangsang Fang, Qiang Kang, Ao Chen, Xun Xu, Yong Zhang, Yuxiang Li	Zhang C, Liu L, Zhang Y, Li M, Fang S, Kang Q, Chen A, Xu X, Zhang Y, Li Y.	Update
PMC11258913	publication/title	spatiAlign: an unsupervised contrastive learning model for data integration of spatially resolved transcriptomics	spatiAlign: an unsupervised contrastive learning model for data integration of spatially resolved transcriptomics.	Update
PMC11258913	publication/year	2024	2024	Update
PMC11258913	publication/done	None	0	New_Key
PMC11258913	publication/skip	None	0	New_Key
PMC11258913	publication/tags	[]	True	Update
PMC11258913	dataset/done	None	3	New_Key
PMC11258913	dataset/skip	None	1	New_Key
PMC11258913	optimization/done	None	6	New_Key
PMC11258913	optimization/skip	None	2	New_Key
PMC11258913	model/done	None	4	New_Key
PMC11258913	model/skip	None	0	New_Key
PMC11258913	evaluation/done	None	3	New_Key
PMC11258913	evaluation/skip	None	2	New_Key
PMC7442807	publication/pmid	32826857	32826857	Update
PMC7442807	publication/pmcid	None	PMC7442807	New_Key
PMC7442807	publication/updated	01/26/2022 11:41:26	0	Update
PMC7442807	publication/authors	Takahashi Y, Ueki M, Tamiya G, Ogishima S, Kinoshita K, Hozawa A, Minegishi N, Nagami F, Fukumoto K, Otsuka K, Tanno K, Sakata K, Shimizu A, Sasaki M, Sobue K, Kure S, Yamamoto M, Tomita H	Takahashi Y, Ueki M, Tamiya G, Ogishima S, Kinoshita K, Hozawa A, Minegishi N, Nagami F, Fukumoto K, Otsuka K, Tanno K, Sakata K, Shimizu A, Sasaki M, Sobue K, Kure S, Yamamoto M, Tomita H.	Update
PMC7442807	publication/journal	Transl Psychiatry	Translational psychiatry	Update
PMC7442807	publication/year	2020	2020	Update
PMC7442807	publication/tags	[]	True	Update
PMC7442807	dataset/availability	Yes, but the server is not working: http://protein.ict.ac.cn/ProFOLD	no.	Update
PMC7442807	dataset/provenance	"PDB, CATH, CASP13. 
31,247 non-redundant domains + 104 domains from CASP13 (test).
The number of contacts (positive) and non contacts (negative) is not reported"	SNP data for a total of 9966 subjects: 4974 training cohort subjects living in Miyagi prefecture recruited by Tohoku University and 4992 validation cohort subjects living in Iwate prefecture recruited by Iwate Medical University. 	Update
PMC7442807	dataset/redundancy	Training/Validation: 35% sequence similarity cluster representatives of CATH (Mar 16, 2018). Test set released after 2018. Similarity with Training/Validation unclear	Training and test sets are independent. Subjects with a low call rate (<0.98, n = 2 in the training cohort and n = 3 in the validation cohort) were excluded. They detected 2156 close-relationship pairs (620 in the training cohort and 1536 in the validation cohort) using the identity-by-descent method in PLINK software among the training cohort, the validation cohort, or between these cohorts. Then, in each of these pairs, a subject with lower call rates was excluded. Variants with low call rates, low Hardy–Weinberg equilibrium exact-test P values, or low minor-allele frequencies were filtered out. Subjects without outcome or covariate information (n = 669 in the training cohort and n = 408 in the validation cohort) were excluded. Finally, 3685 subjects in the training cohort and 3048 subjects in the validation cohort with 615,386 variants were subjected to prediction analyses.	Update
PMC7442807	dataset/splits	Training: 29,247 domains; Validation: 1,820 domains; Test: 104 domains. Number of positive and negative not reported	After filtering, 3685 subjects in the training cohort and 3048 subjects in the validation cohort with 615,386 variants were subjected to prediction analyses.	Update
PMC7442807	dataset/done	4	0	Update
PMC7442807	optimization/algorithm	Deep neural network, end-to-end learning	Novel prediction algorithm: Smooth-Threshold Multivariate Genetic Prediction (STMGP)	Update
PMC7442807	optimization/config	The overall architecture is available in supporting information and released in github (https://github.com/fusong-ju/ProFOLD). Webserver is indicated but not functional (http://protein.ict.ac.cn/ProFOLD)	no.	Update
PMC7442807	optimization/encoding	Multiple sequence alignment	Not stated.	Update
PMC7442807	optimization/features	Given the MSA, for each pair target-homologous sequences, each position is encoded with a 41-valued vector. Total encoding = Sequence length x Number of homologous sequences in MSA (Max 1000) x 41. No feature selection applied.	They prepared SNP data, phenotype data, and covariate data for both the training and test datasets for the input of the function (3 features).	Update
PMC7442807	optimization/fitting	MSA sampling and distance matrix cropping in training process is adopted to avoid potential overfitting as well	Not stated.	Update
PMC7442807	optimization/meta	No	no.	Update
PMC7442807	optimization/parameters	6.46 M to 16.46 M parameters. Performance evaluated on the validation set.	2 tuning parameters.	Update
PMC7442807	optimization/regularization		Strategy to reduce overfitting: screening and building penalized regression models.	Update
PMC7442807	optimization/done	6	0	Update
PMC7442807	optimization/skip	2	0	Update
PMC7442807	model/availability	https://github.com/fusong-ju/ProFOLD	The program code for STMGP (STMGP v1.0), including the function used in the study, is available via CRAN, the official R package archive.	Update
PMC7442807	model/duration		Not stated.	Update
PMC7442807	model/interpretability	Black box	Black box.	Update
PMC7442807	model/output	classification (interresidue contacts) and regression (interresidue distance)	Regression.	Update
PMC7442807	model/done	3	0	Update
PMC7442807	model/skip	1	0	Update
PMC7442807	evaluation/availability	No	no.	Update
PMC7442807	evaluation/comparison	RaptorX, AlphaFold, trRosetta	The performance of STMGP was evaluated in terms of prediction accuracy and the degree of overfitting, and compared with that of other state-of-the-art methods, which included, in addition to PRS and GBLUP, summary-data-based best linear-unbiased prediction (SBLUP) , BayesR (a Bayesian hierarchical model for complex trait analysis) , and ridge regression (penalized regression model). 	Update
PMC7442807	evaluation/confidence	No confidence intervals nor statistical significance reported	STMGP showed the highest prediction accuracy with the lowest degree of overfitting, although there was no significant difference in prediction accuracy.	Update
PMC7442807	evaluation/measure	Precision of contact predictions at different thresholds	Accuracy.	Update
PMC7442807	evaluation/method	Independent test set	The performance of STMGP was evaluated in terms of prediction accuracy and the degree of overfitting.	Update
PMC7442807	evaluation/done	4	0	Update
PMC7442807	evaluation/skip	1	0	Update
PMC11899596	publication/pmid	None	40072905	New_Key
PMC11899596	publication/pmcid	None	PMC11899596	New_Key
PMC11899596	publication/updated	None	0	New_Key
PMC11899596	publication/authors	Tobias Bachmann; Karsten Mueller; Simon N. A. Kusnezow; Matthias Schroeter; Paolo Piaggi; Christopher Weise	Bachmann T, Mueller K, Kusnezow SNA, Schroeter ML, Piaggi P, Weise CM.	Update
PMC11899596	publication/title	Cerebellocerebral Connectivity Predicts Body Mass Index: a New Open-Source Python-based Framework for Connectome-based Predictive Modeling	Cerebellocerebral connectivity predicts body mass index: a new open-source Python-based framework for connectome-based predictive modeling.	Update
PMC11899596	publication/year	2025	2025	Update
PMC11899596	publication/done	None	0	New_Key
PMC11899596	publication/skip	None	0	New_Key
PMC11899596	publication/tags	NA	True	Update
PMC11899596	dataset/done	None	4	New_Key
PMC11899596	dataset/skip	None	0	New_Key
PMC11899596	optimization/done	None	8	New_Key
PMC11899596	optimization/skip	None	0	New_Key
PMC11899596	model/done	None	4	New_Key
PMC11899596	model/skip	None	0	New_Key
PMC11899596	evaluation/done	None	5	New_Key
PMC11899596	evaluation/skip	None	0	New_Key
PMC8371605	publication/pmid		34265844	Update
PMC8371605	publication/pmcid	None	PMC8371605	New_Key
PMC8371605	publication/updated	None	0	New_Key
PMC8371605	publication/title	Highly accurate protein structure prediction with AlphaFold	Highly accurate protein structure prediction with AlphaFold.	Update
PMC8371605	publication/year	2021	2021	Update
PMC8371605	publication/skip	6	0	Update
PMC8371605	publication/tags	['Protein', 'Structural biology', 'AlphaFold']	Protein, Structural biology, AlphaFold	Update
PMC2752621	publication/pmid	None	19667082	New_Key
PMC2752621	publication/pmcid	None	PMC2752621	New_Key
PMC2752621	publication/updated	None	0	New_Key
PMC2752621	publication/authors	Wegrzyn JL, Lee JM, Liechty J, Neale DB	Wegrzyn JL, Lee JM, Liechty J, Neale DB.	Update
PMC2752621	publication/journal	Bioinformatics	Bioinformatics (Oxford, England)	Update
PMC2752621	publication/year	2009	2009	Update
PMC2752621	publication/done	None	0	New_Key
PMC2752621	publication/skip	None	0	New_Key
PMC2752621	publication/tags	[]	True	Update
PMC2752621	dataset/availability	"Class I MHC binding affinity data in IEDB
https://cbs.dtu.dk/services.NetMHCpan-3.0 (broken link)

Class II MHC binding affinity data in IEDB
https://cbs.dtu.dk/services.NetMHCIIpan-3.2 (broken link)

Benchmark dataset (used for comparison with other methods)
https://www.biorxiv.org/content/10.1101/154757v2  https://data.mendeley.com/datasets/jwhmrdx268/1
The authors obtained data in the class I MHC-peptide binding affinity benchmark from personal correspondence with Bhattacharya et al. and they have deposited this dataset in Mendeley Data. The accession number for this data is Mendeley Data:
https://doi.org/10.17632/jwhmrdx268.1
"	No	Update
PMC2752621	dataset/provenance	"Regression data

Class I MHC binding affinity data in IEDB
Broken link

Class II MHC binding affinity data in IEDB
Broken link

Benchmark dataset (used for comparison with other methods)
Curated class I MHC benchmark dataset (https://www.biorxiv.org/content/10.1101/154757v2 https://data.mendeley.com/datasets/jwhmrdx268/1)  
Training 176,985
Testing  26,888"	Source: Pinus taeda resequencing data, not further specified.  Training set is composed of a total of 300 validated sequences.  Test set is composed of 120 independent sequences, with 563 manually validated SNPs.	Update
PMC2752621	dataset/redundancy	"Class I MHC binding affinity data in IEDB
For analyses on class I MHC-peptide binding, the IEDB-based dataset of Nielsen et al (2016) was used, in which 5 cross-validation folds were created to ensure no peptide shares a 9-mer sequence with any peptide in a different fold. 	

Class II MHC binding affinity data in IEDB
For analyses on class II MHC-peptide binding, the IEDB-based dataset of Jensen et al (2018) was used, in which 5 cross-validation folds were created in the same way as in Nielsen et al (2016).	

Benchmark dataset (used for comparison with other methods)
The dataset of Bhattacharya et al.(2017) was used, who constructed a benchmark in which no peptide in the test set has identical length and greater than 80% sequence identity to any peptide in the training Set."	Not reported	Update
PMC2752621	dataset/splits	"Class I MHC binding affinity data in IEDB
Only MHC alleles (114)  with more than 100 examples were included to ensure the quality of training.   1/8 of the training set was held out as a validation set.	

Class II MHC binding affinity data in IEDB
Only MHC alleles (55) with more than 100 examples were included to ensure the quality of training.   1/8 of the training set was held out as a validation set.	

Benchmark dataset (used for comparison with other methods)
51 class I MHC alleles are covered in this dataset.   "	 Testing: 120 Sequences 563 manually validated SNPs 	Update
PMC2752621	dataset/done	None	0	New_Key
PMC2752621	dataset/skip	None	0	New_Key
PMC2752621	optimization/algorithm	"Ensemble of a deep Residual Convolutional Neural Networks.	"	J48 Algorithm For Decision Tree (WEKA)   Decision tree J48 is the implementation of algorithm ID3 (Iterative Dichotomiser 3) developed by the WEKA project team. 	Update
PMC2752621	optimization/config	https://github.com/gifford-lab/PUFFIN	No	Update
PMC2752621	optimization/encoding	Each MHC allele was represented by a pseudo-sequence consisting of 34 amino acid residues in contact with the peptide.  All peptides sequences were padded on the right end to the same length, 30 for class I and 40 for class II, using a place-holder amino acid.     For each MHC- peptide pair, the MHC feature vector and the peptide feature matrix formed a final input matrix of size 1400 x 30 for class I MHC and 1400 x 40 for class II MHC. The difference between the peptide length L and the expected length L (9 for class I MHC and 15 for class II MHC) was encoded using a sigmoid function.	Global features	Update
PMC2752621	optimization/features	Number of initial features on the order of 1400 x 30	Sequence-based statistics were derived through a customized feature extraction program and fed as a vector for each polymorphism to the J48 classification tree available in the WEKA classifier package.  9 features were used to enhance polymorphism prediction accuracy (as reported in https://nealelab.ucdavis.edu/adept2-overview/pinesap/).	Update
PMC2752621	optimization/fitting	Possible redundancy in the sequences	Not reported	Update
PMC2752621	optimization/meta	NO	No	Update
PMC2752621	optimization/parameters	The model weights from the epoch with the lowest validation loss were selected.	Not reported	Update
PMC2752621	optimization/regularization		No	Update
PMC2752621	optimization/done	None	0	New_Key
PMC2752621	optimization/skip	None	0	New_Key
PMC2752621	model/availability	https://github.com/gifford-lab/PUFFIN	Broken link (http://dendrome.ucdavis.edu/adept2/ resequencing.html). The customized pipeline for feature extraction is reported in a new link:   https://nealelab.ucdavis.edu/adept2-overview/pinesap/	Update
PMC2752621	model/duration		Not reported	Update
PMC2752621	model/interpretability	Black box	Input features are transparent (Sequence Depth, Local Average Quality, Alignment Quality) while their combination is not interpretable (Black box).	Update
PMC2752621	model/output	Regression: The PUFFIN method takes as input a MHC-peptide pair and predicts a probabilistic distribution of peptide-MHC binding affinity. For Classification: positive examples were defined as the ones with a binding affinity stronger than 500 nM.	Binary classifier (SNP predictions accepted or rejected).	Update
PMC2752621	model/done	None	0	New_Key
PMC2752621	model/skip	None	0	New_Key
PMC2752621	evaluation/availability		No	Update
PMC2752621	evaluation/comparison	PUFFIN was compared to NetMHCpan, MHCflurry and MHCnuggets. Unlike those methods, PUFFIN provides uncertainty estimates for MHC-peptide affinity prediction. It is shown that PUFFIN’s uncertainty estimates are able to reflect the predictive error on unseen examples.	Polyphred, Polybayes. Used for generating the features.	Update
PMC2752621	evaluation/confidence	Confidence intervals are not reported. As mentioned in the text, there were no significant performance differences among the different tested methods.	Not reported	Update
PMC2752621	evaluation/measure	auROC, F1 score, mean-squared-error (MSE), R2, Spearman, correlation, and Point-Biserial correlation. For auROC, F1 score, and Point-Biserial correlation, positive examples were defined as the ones with a binding affinity stronger than 500 nM.	Accuracy, sensitivity, specificity	Update
PMC2752621	evaluation/method	Cross-validation on training set and independent set	Independent dataset of 120 unique sequences with 563 manually validated SNPs. Validation = All SNP calls were identified as based on visual inspection of Polyphred and Polybayes predictions in Consed.	Update
PMC2752621	evaluation/done	None	0	New_Key
PMC2752621	evaluation/skip	None	0	New_Key
PMC5550971	publication/pmid	28747397	28747397	Update
PMC5550971	publication/pmcid	None	PMC5550971	New_Key
PMC5550971	publication/updated	03/08/2022 18:05:03	0	Update
PMC5550971	publication/authors	Gao H, Aderhold A, Mangion K, Luo X, Husmeier D, Berry C	Gao H, Aderhold A, Mangion K, Luo X, Husmeier D, Berry C.	Update
PMC5550971	publication/journal	J R Soc Interface	Journal of the Royal Society, Interface	Update
PMC5550971	publication/year	2017	2017	Update
PMC5550971	publication/tags	[]	True	Update
PMC5550971	dataset/availability	Yes: website url (http://lin-group.cn/server/HBPred2.0/download.html)	No, only ClinicalTrials.gov identifier: NCT01717573	Update
PMC5550971	dataset/provenance	Yes: previous paper	clinical trials, 11 pos and 27 neg	Update
PMC5550971	dataset/redundancy	Yes: exclusion of identical sequences between testing and training datasets. Reduced redundancy within testing dataset (sequence identity >60% CD-HIT).	not reported	Update
PMC5550971	dataset/splits	Yes, size of training and test set, including distribution N_pos N_neg	LOOCV for testing and internal LOOCV or 5-fold CV for validation	Update
PMC5550971	dataset/done	4	0	Update
PMC5550971	optimization/algorithm	Yes: SVM	Logistic regression, KNN, LDA, DT, RF, Gaussian processes (GP-ARD)	Update
PMC5550971	optimization/config	No	partially: supplement 	Update
PMC5550971	optimization/encoding	Yes: sequence features (NVM, g-gap, TPC) and composition properties (CTD, pseAAC) 	global features	Update
PMC5550971	optimization/features	"Yes: 5 types of features (NVM, g-gap, TPC, CTD, pseAAC). Feature selection using ANOVA for g-gap and pseAAC, binomial distribution for TPC and Incremental feature selection.
and size of vectors (21, 60, 81, 400, 8000 depending on the feature extraction method...)"	6	Update
PMC5550971	optimization/fitting	No	a range of different model types was tested	Update
PMC5550971	optimization/meta	No	no	Update
PMC5550971	optimization/parameters	Yes: parameters C and g, optimised by grid search space	various but equal to f in most cases	Update
PMC5550971	optimization/regularization	Yes: Parameter C, optimised by grid search space	for some predictors, e.g. Lasso for logistic regression	Update
PMC5550971	optimization/done	5	0	Update
PMC5550971	optimization/skip	3	0	Update
PMC5550971	model/availability	No, only a prediction web service	not provided	Update
PMC5550971	model/duration	No	not provided	Update
PMC5550971	model/interpretability	Black box	transparent: identification of the main biomarkers	Update
PMC5550971	model/output	Classification	both, depending on the model used	Update
PMC5550971	model/done	3	0	Update
PMC5550971	model/skip	1	0	Update
PMC5550971	evaluation/availability	No	no	Update
PMC5550971	evaluation/comparison	"Yes: Comparison with other classifiers: J48, Bagging, Random Forest, Naive Bayes
 Comparison with other published methods: HBPred, iGHBP, HBPred2.0"	only among the models in the paper	Update
PMC5550971	evaluation/confidence	No: only comparing difference between performance measures	Not given	Update
PMC5550971	evaluation/measure	Yes: Sensitivity, Specificity, Accuracy, Matthew correlation coefficient, AUC	sensitivity, specificity, accuracy, AUROC	Update
PMC5550971	evaluation/method	Yes: on 5-fold training dataset and also on independent dataset	LOOCV	Update
PMC5550971	evaluation/done	4	0	Update
PMC5550971	evaluation/skip	1	0	Update
PMC8385175	publication/pmid	34419924	34419924	Update
PMC8385175	publication/pmcid	None	PMC8385175	New_Key
PMC8385175	publication/updated	03/28/2022 16:40:10	0	Update
PMC8385175	publication/authors	Hogan CA, Rajpurkar P, Sowrirajan H, Phillips NA, Le AT, Wu M, Garamani N, Sahoo MK, Wood ML, Huang C, Ng AY, Mak J, Cowan TM, Pinsky BA	Hogan CA, Rajpurkar P, Sowrirajan H, Phillips NA, Le AT, Wu M, Garamani N, Sahoo MK, Wood ML, Huang C, Ng AY, Mak J, Cowan TM, Pinsky BA.	Update
PMC8385175	publication/year	2021	2021	Update
PMC8385175	publication/tags	[]	True	Update
PMC8385175	dataset/availability	no.	"Conatact (hoganca@stanford.edu) is provided right the beggining of the ""Methods"" section of the papaer for further information and requests.  The data and code generated during this study were made available at https://github.com/stanfordmlgroup/influenza-qtof."	Update
PMC8385175	dataset/provenance	Data from experiments.	samples from Stanford Health Care and Stanford Children’s Health, 1:1 ratio of positive to age and sex-matched negative controls.  Data collection was performed after the reference test (RT-PCR) and before the index test (metabolomics). Discovery cohort (from April 23 2015 to October 13 2019):  118 samples, N_neg 118 samples validation cohort (December 21 2019 to February 18 2020): N_pos 48 samples, N_neg 48 samples	Update
PMC8385175	dataset/splits		The final analysis included for discovery cohort: training set:  94 positive, 92 negative test set: 24 positive, 26 negative	Update
PMC8385175	dataset/done	2	0	Update
PMC8385175	dataset/skip	2	0	Update
PMC8385175	optimization/algorithm	T-distributed stochastic neighbor embedding (t-SNE).	gradient boosted decision trees and random forests	Update
PMC8385175	optimization/config	No	no	Update
PMC8385175	optimization/meta	no.	no	Update
PMC8385175	optimization/parameters		Python version 3.6.8, gradient boosted decision trees: LightGBM v2.2.3 RF: scikit-learn v0.20.2	Update
PMC8385175	optimization/regularization		The models were not retrained using SRM data to avoid overfitting and overestimating test performance. In addition, within the training set, cross-validation was used to develop the models to avoid overfitting to the training set.	Update
PMC8385175	optimization/done	2	0	Update
PMC8385175	optimization/skip	6	0	Update
PMC8385175	model/availability	No	https://github.com/stanfordmlgroup/influenza-qtof	Update
PMC8385175	model/duration		no	Update
PMC8385175	model/output	Regression.	classification	Update
PMC8385175	model/done	2	0	Update
PMC8385175	model/skip	2	0	Update
PMC8385175	evaluation/availability	No	yes, https://github.com/stanfordmlgroup/influenza-qtof/tree/master/data	Update
PMC8385175	evaluation/comparison		costeffective comare to PCR tests and could be performed at the point-of-care comapre to RT-PCR test, no other methods for direct omparisonc	Update
PMC8385175	evaluation/measure		AUC, sensitivity, specificity	Update
PMC8385175	evaluation/method		 novel experiments.	Update
PMC8385175	evaluation/skip	5	0	Update
PMC5656045	publication/pmid	28600868	28600868	Update
PMC5656045	publication/pmcid	None	PMC5656045	New_Key
PMC5656045	publication/updated	02/08/2022 23:45:07	0	Update
PMC5656045	publication/authors	Sundaram L, Bhat RR, Viswanath V, Li X	Sundaram L, Bhat RR, Viswanath V, Li X.	Update
PMC5656045	publication/journal	Hum Mutat	Human mutation	Update
PMC5656045	publication/year	2017	2017	Update
PMC5656045	publication/tags	[]	True	Update
PMC5656045	dataset/availability	no	No	Update
PMC5656045	dataset/provenance	"datasets are based on mouse strains generated by the lab itself
The aggerated dataset has complete time-series (7 timepoints) data for 3479 proteins and 513 metabolites."	Exome sequencing data for 1000 samples. Npos = 500 (control group). Nneg = 500 (disease group). Ntrain = 500. Ntest = 500. Data were provided from the Regents of the University of California under the challenge “Bipolar Exomes”.	Update
PMC5656045	dataset/redundancy	no	Random sampling from the pool of 1000 samples and balanced datasets between train, validation, and test datasets.	Update
PMC5656045	dataset/splits	no	Npos,train = 200. Nneg,train = 200. Validation set present. Npos,validation = 50. Nneg,validation = 50. Npos,test = 249. Nneg,test = 251.	Update
PMC5656045	dataset/done	4	0	Update
PMC5656045	optimization/algorithm	"K-means clustering, hierarchal clustering (HC), partitioning around medoids (PAM),
LSTM based on variational autoencoder (VAE)
deep convolutional embedded clustering (DCEC)
"	Deep convolutional neural network trained using gradient descent by standard backpropagation algorithm.	Update
PMC5656045	optimization/config	"platform: Intel Xeon Processor E5-2643 v4, 128 GB RAM and NVIDIA Quadro M4000 GPU.
 K-means and HC: Python scikit-learn 
 PAM: R ‘cluster’ package
 LSTM-VAE: https://github.com/bilalmirza8519/LSTM-VAE
 DCEC: https://github.com/XifengGuo/DCEC"	No.	Update
PMC5656045	optimization/encoding		Moving window length across the input sequences by the convolutional kernels and formation of feature maps. One-hot-encoding was used to create vectors for all the types of genotypes available, to ensure that all the categories are equidistant from each other.	Update
PMC5656045	optimization/features	no	Featured maps formed from filtered exonic variants, one-hot encoded per chromosome.	Update
PMC5656045	optimization/fitting	no	Application of a batch normalization layer after the max-pooling layer contributes to avoiding overfitting the data. Additionally, balanced training, validation and testing datasets were used.	Update
PMC5656045	optimization/meta	no	No	Update
PMC5656045	optimization/parameters	"K-means, HC, PAM: K = 6 based on prior biological knowledge

LSTM-VAE: 
the input layer of dimension 7 × 1
first layer generated 7 × n
second layer 7 × 1

DCEC: used as DOI: 10.1007/978-3-319-70096-0_39"	The deep convolutional network takes in a 23-channel input, with each input being the one-hot encoded variants of a chromosome. Initializing weights to reduce the loss function at each epoch.	Update
PMC5656045	optimization/regularization	no	Yes. Reduction of feature dimension using L1 regularization with penalty parameter C = 0.85. Less than 1% of the total features remain.	Update
PMC5656045	optimization/done	7	0	Update
PMC5656045	optimization/skip	1	0	Update
PMC5656045	model/availability	No	Not available	Update
PMC5656045	model/duration		Training the model end-to-end takes close to 6 hours on Nvidia Tesla M40 servers.	Update
PMC5656045	model/interpretability	Black box	Black box. Reduced performance due to repeated feature subsampling supports the importance of all features in model performance and the absence of sequencing method artifacts.	Update
PMC5656045	model/output	classification	Classification with binary predictions.	Update
PMC5656045	model/done	2	0	Update
PMC5656045	model/skip	2	0	Update
PMC5656045	evaluation/comparison	Comparison only betweeen models created by the authors	Decision trees and random forests.	Update
PMC5656045	evaluation/confidence	No	Higher performance metrics of the convolutional neural network (e.g., accuracy = 0.65) than those of the comparing algorithms (accuracy = 0.55). Confidence intervals were not calculated, and statistical testing was not applied.	Update
PMC5656045	evaluation/measure	pathway enrichment analysis using Reactome knowledgebase	Accuracy, Precision, Recall, F1-Score, AUC score, ROC curve.	Update
PMC5656045	evaluation/method	No	Cross-validation	Update
PMC5656045	evaluation/done	2	0	Update
PMC5656045	evaluation/skip	3	0	Update
PMC6237755	publication/pmid	30295871	30295871	Update
PMC6237755	publication/pmcid	None	PMC6237755	New_Key
PMC6237755	publication/updated	02/08/2022 16:25:04	0	Update
PMC6237755	publication/authors	Rappoport N, Shamir R	Rappoport N, Shamir R.	Update
PMC6237755	publication/journal	Nucleic Acids Res	Nucleic acids research	Update
PMC6237755	publication/year	2018	2018	Update
PMC6237755	publication/tags	[]	True	Update
PMC6237755	dataset/availability	MTBLS1695, study still private	Yes (supporting information and website URL)	Update
PMC6237755	dataset/provenance	20 Alzheimer's Disease patients (AD), 10 Mild cognitive impairment (MCI) and 29 control patients. Metabolomics samples measured with HNMR and DI LC-MS/MS, identification of 142 metabolites with HNMR and 51 with DI LC-MS/MS, demographic information (age and gender)	Yes (The Cancer Genome Atlas)	Update
PMC6237755	dataset/redundancy	Average of concentrations of overlapping metabolites between HNMR and DI LC-MS/MS. PCA to screen for and remove subjects outside of 95% percentile. Student’s t-test was performed to determine if there were any significantly different metabolites between AD, MCI, and age-matched controls (p < 0.05) when compared pairwise. Non-normally distributed data were analyzed using a Mann−Whitney U test and a Bonferroni correction was applied to account for multiple comparisons. To determine if sample demographics were statistically significantly different, a one-way analysis of variance analysis (ANOVA) was conducted using the IBM SPSS Statistics toolbox (v. 24.0).	No dataset split  (unsupervised machine learning)	Update
PMC6237755	dataset/splits	20, 10, 29 (see provenance) * 142 metabolites, 	No dataset split  (unsupervised machine learning) Labels used to assess performance are given in raw datasets	Update
PMC6237755	dataset/done	4	0	Update
PMC6237755	optimization/algorithm	SVM (RBF kernel), Logistic regression	Multi-view clustering methods (early and late integration, similarity based, dimension reduction and statistical methods)	Update
PMC6237755	optimization/config		No	Update
PMC6237755	optimization/encoding	Log-transform, auto-scaling	No, not in detail. Class of feature used are described (gene sequence, expression and methylation) but no detail on encoding (only reference to source of data)	Update
PMC6237755	optimization/features	Correlation-based feature selection, LASSO, step-wise variable selection	Yes, indirectly: processed raw data and algorithm for feature selection are given	Update
PMC6237755	optimization/fitting		No exclusion mentioned	Update
PMC6237755	optimization/parameters		Number of clusters: algorithm for selection is presented (elbow method)  Other parameters are not directly given but protocol used to select them are given (= if available: adherence to the guidelines given by the packages developers) 	Update
PMC6237755	optimization/regularization		Yes, regularization may be used by some methods (but not clear in the publication what was really implemented in the used packages) e.g. Least Absolute Shrinkage and Selection Operator regularization is used by iCluster Nuclear norm regularization is used by LRACluster A regularization term is used by rMKL-LPP Sparsity regularization is used by Canonical Correlation Analysis (CCA)	Update
PMC6237755	optimization/done	3	0	Update
PMC6237755	optimization/skip	5	0	Update
PMC6237755	model/availability	NA (MetaboLights accession is private)	Yes (GitHub)	Update
PMC6237755	model/duration		Yes (runtime in seconds on Windows desktop for eight methods and Linux cluster for one methods)	Update
PMC6237755	model/interpretability	NA (missing or inaccessible model data and source code)	Black box	Update
PMC6237755	model/output	Classification	Produces clusters	Update
PMC6237755	model/done	3	0	Update
PMC6237755	model/skip	1	0	Update
PMC6237755	evaluation/availability	Supporting information, potentially in MetaboLights repository under private accession MTBLS1695	Yes (supporting information)	Update
PMC6237755	evaluation/comparison	SVM, logistic regression	Comparison of logranks’ test p-values and number of enriched clinical parameters	Update
PMC6237755	evaluation/confidence	p-values, CI (95%) for AUCs	No. But no claiming of performance difference	Update
PMC6237755	evaluation/measure	AUC, sensitivity, specificity	Logrank test (differential survival between clusters) Chi-squared test and Kruskal-Wallis (clinical labels (six) enrichement in clusters)	Update
PMC6237755	evaluation/method	10-fold Cross-validation	Extrinsic measures (clinical labels)	Update
PMC6237755	evaluation/done	5	0	Update
PMC11659980	publication/pmid	None	39704702	New_Key
PMC11659980	publication/pmcid	None	PMC11659980	New_Key
PMC11659980	publication/updated	None	0	New_Key
PMC11659980	publication/authors	Yongxin Ji, Jiayu Shang, Jiaojiao Guan, Wei Zou, Herui Liao, Xubo Tang and Yanni Sun	Ji Y, Shang J, Guan J, Zou W, Liao H, Tang X, Sun Y.	Update
PMC11659980	publication/title	PlasGO: enhancing GO-based function prediction for plasmid-encoded proteins based on genetic structure	PlasGO: enhancing GO-based function prediction for plasmid-encoded proteins based on genetic structure.	Update
PMC11659980	publication/year	2024	2024	Update
PMC11659980	publication/done	None	0	New_Key
PMC11659980	publication/skip	None	0	New_Key
PMC11659980	publication/tags	None	True	New_Key
PMC11659980	dataset/done	None	4	New_Key
PMC11659980	dataset/skip	None	0	New_Key
PMC11659980	optimization/done	None	8	New_Key
PMC11659980	optimization/skip	None	0	New_Key
PMC11659980	model/done	None	4	New_Key
PMC11659980	model/skip	None	0	New_Key
PMC11659980	evaluation/done	None	5	New_Key
PMC11659980	evaluation/skip	None	0	New_Key
PMC11659980	publication/created		REMOVED	Removed_Key
PMC8261512	publication/pmid	34258160	34258160	Update
PMC8261512	publication/pmcid	None	PMC8261512	New_Key
PMC8261512	publication/updated	03/19/2022 17:28:38	0	Update
PMC8261512	publication/authors	Liu QX, Zhou D, Han TC, Lu X, Hou B, Li MY, Yang GX, Li QY, Pei ZH, Hong YY, Zhang YX, Chen WZ, Zheng H, He J, Dai JG	Liu QX, Zhou D, Han TC, Lu X, Hou B, Li MY, Yang GX, Li QY, Pei ZH, Hong YY, Zhang YX, Chen WZ, Zheng H, He J, Dai JG.	Update
PMC8261512	publication/journal	Adv Sci (Weinh)	Advanced science (Weinheim, Baden-Wurttemberg, Germany)	Update
PMC8261512	publication/year	2021	2021	Update
PMC8261512	publication/tags	[]	True	Update
PMC8261512	dataset/availability	Yes but need to contact the authors apparently	patient clinical information available in SI, as well as the protein biomarker data cfDNA mutation and cfDNA methylation features. Link to raw data also provided (or via author)	Update
PMC8261512	dataset/provenance	Yes,  Prof. Connie Cepko at Harvard Medical School, claimed publicly available	Data is experimentally derived from 125 patients. Training data divided over 84 positive and 41 negative instances. An independent validation set 	Update
PMC8261512	dataset/redundancy	Yes, cross-validation	not discussed.	Update
PMC8261512	dataset/splits	Yes	Data is split into 96 for training and 29 for validation. The training set consisted of 69 positive and 27 negative, whereas the validation set is divided into 14 negative and 15 positive cases.  	Update
PMC8261512	dataset/done	4	0	Update
PMC8261512	optimization/algorithm	KStar (K-NN ?), Not novel, Multilayer perceptron, C4.5	SVM	Update
PMC8261512	optimization/config	No	not available 	Update
PMC8261512	optimization/encoding	Gene expression data	data normalised, missing data inputed using median value, data standardised using z-scores. 	Update
PMC8261512	optimization/features	No feature selection.	10 clinical features, eight cancer biomarkers 29-gene NGS panel for mutations, 30 methylation-correlated blocks (feature-selected from 697 MCBs). 	Update
PMC8261512	optimization/fitting		parameter smaller than samples, features larger but still smaller than samples pin the training set, but univariate analysis reduced then number of features.	Update
PMC8261512	optimization/meta	No	Features are coming from experimental data.  Four different predictors using different data are grouped in a stacked ensemble classifier, using Naive Bayes. 	Update
PMC8261512	optimization/parameters	Depends on algorithms tested.	linear kernel used in SVMs for each independent predictor.  Naive bayes sued to determine the optimal combination of these predictors.	Update
PMC8261512	optimization/regularization		Cross-validations procedures and feature selection are used to reduce chances for over-fitting.  Evaluation based on independent validation set.	Update
PMC8261512	optimization/done	4	0	Update
PMC8261512	optimization/skip	4	0	Update
PMC8261512	model/availability	Weka	not provided	Update
PMC8261512	model/duration	No	not discussed	Update
PMC8261512	model/interpretability	Black box	partially interpretable but no apart from feature analysis on the baseline predictors, nothing else reported	Update
PMC8261512	model/output	Classification	classification in benign or malignant	Update
PMC8261512	model/done	3	0	Update
PMC8261512	model/skip	1	0	Update
PMC8261512	evaluation/availability	Yes.	not available	Update
PMC8261512	evaluation/comparison	KStar, comparison vs. MLP, C4.5	no other methods are compared	Update
PMC8261512	evaluation/confidence	Yes	not provided	Update
PMC8261512	evaluation/measure	Rappel/Precision, AUR	AUC. sensitivity and specificity	Update
PMC8261512	evaluation/method	Cross validation	cross validation and independent set	Update
PMC8261512	evaluation/done	5	0	Update
PMC7142336	publication/pmid	32300371	32300371	Update
PMC7142336	publication/pmcid	None	PMC7142336	New_Key
PMC7142336	publication/updated	03/08/2022 12:38:13	0	Update
PMC7142336	publication/authors	Sang X, Xiao W, Zheng H, Yang Y, Liu T	Sang X, Xiao W, Zheng H, Yang Y, Liu T.	Update
PMC7142336	publication/journal	Comput Math Methods Med	Computational and mathematical methods in medicine	Update
PMC7142336	publication/year	2020	2020	Update
PMC7142336	publication/tags	[]	True	Update
PMC7142336	dataset/availability	"No download information provided, but article contains statement that ""the data will  be made available without undue reservation"""	yes, https://github.com/taigangliu/HMMPred	Update
PMC7142336	dataset/provenance	New cohort of 524 enrolled patients, 988 mammography images divided in 494 malignant and 494 benign masses.Data was preprocessed to be useful for DL work.  An additional validation set from another hospital is also used (58 patients). Not used before	Two published datasets from literature: PDB1075 (525 pos and 550 neg) and PDB186 (93 pos and 93 neg)	Update
PMC7142336	dataset/redundancy	No stratification effort	sequences with more than 25% sequence similarity were removed	Update
PMC7142336	dataset/splits	Data split 744 (training) and 244 (test) in a random manner. No details in Pos/Neg split but assumed to be equal.  	training: 525 pos / 550 neg; validation: 10-fold CV and jackknife CV; testing: 93 pos / 93 neg	Update
PMC7142336	dataset/done	4	0	Update
PMC7142336	optimization/algorithm	Transfer learning with DL to extract features trained with stochastic gradient descent, SVM (linear kernel) for final classification into benign and malignant.	 SVM, RF, XGBoost for feature ranking	Update
PMC7142336	optimization/config		yes: https://github.com/taigangliu/HMMPred	Update
PMC7142336	optimization/encoding	Five preprocessing steps to prepare mammography images (identification of ROI, image and size normalisation, and data augmentation (flipping and rotations). Image size was  224x224x3 	global features were derived from sequece-based features by averaging over protein length	Update
PMC7142336	optimization/features	Handcrafted (455), clinical (5) and DL-based features (1024-dimensional vector) are used in the final classifier. MRMR is used for feature selection, reducing the number of features to 30 Hcr and 27 DL features, next to the clinical ones.	a range from 420 to 4020 was tested; 2000 in the final model	Update
PMC7142336	optimization/fitting	There are 7x744 datapoints for training, yet this seems still limited given the complexity of the DL network to extract features. Not considering the DL, and only the SVM, things look better as the feature set is reduced to 62 features in total, so f > p.	a range of feature numbers was tested based on CVs; XGBoost feature ranking	Update
PMC7142336	optimization/meta	Yes, for the DL feature extraction the VGG16 image-net trained network was used in combination with the Inception-V3 network into a fusion network.	no	Update
PMC7142336	optimization/parameters	The DL has its weights and layers next to the epoch, learning rate, momentum and weight decay parameters.  All parameters for the fusion network were transferred rom VGG16 and Inception V3 into a DL fusion network.  They added three additional FC layers.	p = f+3 for SVM,  	Update
PMC7142336	optimization/regularization	SVM hyperparameters were tuned with grid-search and 10-fold cross-validation.  Tests were performed in an independent set and verified in an independent validation set.  Yet no stratification seems to be done.	included in SVM (margin maximisation)	Update
PMC7142336	optimization/done	7	0	Update
PMC7142336	optimization/skip	1	0	Update
PMC7142336	model/availability		https://github.com/taigangliu/HMMPred	Update
PMC7142336	model/duration		not provided	Update
PMC7142336	model/interpretability	black box due to DL, but relatively transparent in the final classification step with SVM. The question is how interpretable the DL features are.	Black box	Update
PMC7142336	model/output	Benign or malignant mass.	binary classification 	Update
PMC7142336	model/done	2	0	Update
PMC7142336	model/skip	2	0	Update
PMC7142336	evaluation/availability		no raw evaluation files 	Update
PMC7142336	evaluation/comparison	No comparison made with other approaches.	comparisons with some existing predictors on the same datasets: DNAbinder, DNA-Prot, iDNA-Prot, iDNA-Prot|dis, Kmer1+ACC, iDNAPro-PseAAC, PseDNA-Pro, Local-DPP, HMMBinder  	Update
PMC7142336	evaluation/confidence	yes, Dejong's test	not given	Update
PMC7142336	evaluation/measure	Confusion matrix, calculating AUC, accuracy, sensitivity, precision, and F-score. Statistical significance with Delong's test (P<0.05 was considered significant).	Accuracy, sensitivity, specificity, MCC, AUC	Update
PMC7142336	evaluation/method	test set and independent validations set. Cross-validation when determining the optimal configuration of the SVM.	Cross-validation, independent dataset	Update
PMC7142336	evaluation/done	4	0	Update
PMC7142336	evaluation/skip	1	0	Update
PMC3967921	publication/pmid	None	24675637	New_Key
PMC3967921	publication/pmcid	None	PMC3967921	New_Key
PMC3967921	publication/updated	None	0	New_Key
PMC3967921	publication/authors	Mahony S, Edwards MD, Mazzoni EO, Sherwood RI, Kakumanu A, Morrison CA, Wichterle H, Gifford DK	Mahony S, Edwards MD, Mazzoni EO, Sherwood RI, Kakumanu A, Morrison CA, Wichterle H, Gifford DK.	Update
PMC3967921	publication/journal	PLoS Comput Biol	PLoS computational biology	Update
PMC3967921	publication/year	2014	2014	Update
PMC3967921	publication/done	None	0	New_Key
PMC3967921	publication/skip	None	0	New_Key
PMC3967921	publication/tags	[]	True	Update
PMC3967921	dataset/availability	PSMs at http://noble.gs.washington.edu/proj/intense (also stated that availability is upon request but the URL indeed has links to the data)	No	Update
PMC3967921	dataset/provenance	1208 peptide spectrum matches (PSMs) and 18149 mass spectra for validation	55 mouse ES ChIP-seq and DNaseI-seq experiments from a variety of sources, each with up to 4000 pos and 10000 negs.	Update
PMC3967921	dataset/redundancy		mot checked	Update
PMC3967921	dataset/splits	Positive and negative points for the Bayesian network are mentioned but no further info provided	20 repetitions of random selection of 100 data points for testing	Update
PMC3967921	dataset/done	None	0	New_Key
PMC3967921	dataset/skip	None	0	New_Key
PMC3967921	optimization/algorithm	"""Hybrid dynamic Bayesian network (DBN) / support
vector machine (SVM)"""	SVM	Update
PMC3967921	optimization/config		No	Update
PMC3967921	optimization/encoding	"""Pre-processing: Input data obtained from MS/MS data, an aqueous soluble protein sample from E.coli lysate was reduced, carbamidomethylated and digested with trypsin."""	global features (k-mers)	Update
PMC3967921	optimization/features	"""99-dimensional feature vectors generated by Riptide (Bayesian part)"""	not clear: in one place they mention 55-dimensional vectors, but also 4-mer frequencies (256) and 3 additional features.	Update
PMC3967921	optimization/fitting		None provided	Update
PMC3967921	optimization/meta		No	Update
PMC3967921	optimization/parameters	For the SVM, we use a Gaussian kernel, and hyperparameters C (soft margin penalty) and sigma (low case, width of the Gaussian). Hyperparameters are selected using five-fold nested cross-validation, where the parameter with the largest area under the ROC curve is selected.	p = f	Update
PMC3967921	optimization/regularization		Not mentioned	Update
PMC3967921	optimization/done	None	0	New_Key
PMC3967921	optimization/skip	None	0	New_Key
PMC3967921	model/availability	Upon request (but did not try to get it, there is a link to a tar file with, it says, C++ and Python for the Riptide part, I did not examine the files)	Not available for SVM, but the focus of the study was a non ML-based tool: https://github.com/seqcode/multigps	Update
PMC3967921	model/duration		not given	Update
PMC3967921	model/interpretability		transparent: discriminative motif discovery touched upon	Update
PMC3967921	model/output	Classification	binary classification	Update
PMC3967921	model/done	None	0	New_Key
PMC3967921	model/skip	None	0	New_Key
PMC3967921	evaluation/availability		No	Update
PMC3967921	evaluation/comparison	SEQUEST, Percolator		Update
PMC3967921	evaluation/confidence	"""q value, which is defined as the minimal false discovery rate threshold at which the
 PSM is deemed significant"""	Not explicitly given but 20 replicates are shown in the ROC graphs	Update
PMC3967921	evaluation/measure	Kind of discussed but did not see values	ROC-AUC	Update
PMC3967921	evaluation/method	"""Comparison against SEQUEST (Riptide with the static SVM outperforms SEQUEST by 10.8% at a 1% false discovery rate) and Percolator"""	20 random replicates of train/test splits	Update
PMC3967921	evaluation/done	None	0	New_Key
PMC3967921	evaluation/skip	None	0	New_Key
PMC10940896	publication/pmid	None	38496213	New_Key
PMC10940896	publication/pmcid	None	PMC10940896	New_Key
PMC10940896	publication/updated	None	0	New_Key
PMC10940896	publication/authors	Sami Hamdan, Shammi More, Leonard Sasse, Vera Komeyer, Kaustubh R. Patil, Federico Raimondo	Hamdan S, More S, Sasse L, Komeyer V, Patil KR, Raimondo F, Alzheimer’s Disease Neuroimaging Initiative.	Update
PMC10940896	publication/journal	GigaScience	GigaByte (Hong Kong, China)	Update
PMC10940896	publication/title	Julearn: an easy-to-use library for leakage-free evaluation and inspection of ML models	Julearn: an easy-to-use library for leakage-free evaluation and inspection of ML models.	Update
PMC10940896	publication/year	2024	2024	Update
PMC10940896	publication/done	None	0	New_Key
PMC10940896	publication/skip	None	0	New_Key
PMC10940896	publication/tags	[]	True	Update
PMC10940896	dataset/done	None	4	New_Key
PMC10940896	dataset/skip	None	0	New_Key
PMC10940896	optimization/done	None	8	New_Key
PMC10940896	optimization/skip	None	0	New_Key
PMC10940896	model/done	None	3	New_Key
PMC10940896	model/skip	None	1	New_Key
PMC10940896	evaluation/done	None	5	New_Key
PMC10940896	evaluation/skip	None	0	New_Key
PMC7333383	publication/pmid	32620137	32620137	Update
PMC7333383	publication/pmcid	None	PMC7333383	New_Key
PMC7333383	publication/updated	04/18/2022 16:44:10	0	Update
PMC7333383	publication/authors	Ji Z, Zhou W, Hou W, Ji H	Ji Z, Zhou W, Hou W, Ji H.	Update
PMC7333383	publication/journal	Genome Biol	Genome biology	Update
PMC7333383	publication/year	2020	2020	Update
PMC7333383	publication/tags	[]	True	Update
PMC7333383	dataset/availability	Yes, https://github.com/ gkanfer/AI-PS/tree/master/facs	Not explicitly stated	Update
PMC7333383	dataset/provenance	Parking and GFP-TFEB images generated in the same study	Provenance stated via references	Update
PMC7333383	dataset/redundancy		Not applicable (it is a cluster approach)	Update
PMC7333383	dataset/splits	Training 80%, validation 15%, 5% Independent test data. N_pos and N_neg unknown for training data. For independent data: N_pos=5401, N_neg=4948.	Not applicable (it is a cluster approach)	Update
PMC7333383	dataset/done	3	0	Update
PMC7333383	dataset/skip	1	0	Update
PMC7333383	optimization/algorithm	SVM and Convolutional Neural Network (ImageNet architecture)	Statistical analysis and clustering (K-means)	Update
PMC7333383	optimization/config	Some hyperparameters specified in the main text	Not explicitly stated	Update
PMC7333383	optimization/encoding	150x150 pixel images (CNN). Image descrptors for SVM	Trimming and segmentation over sequences	Update
PMC7333383	optimization/features	f=3 (pixel intensities) for CNN. f=3 for SVM (descriptors selected after PCA-based feature selection)	Not applicable	Update
PMC7333383	optimization/fitting	Early stopping used to prevent overfitting (CNN)	Not applicable	Update
PMC7333383	optimization/meta	No	Not applicable	Update
PMC7333383	optimization/parameters		Clusters number treated as a tuning parameter. Cross-validation approach to choose optimal K (looks like it was 5000 clusters)	Update
PMC7333383	optimization/regularization	No	Not applicable	Update
PMC7333383	optimization/done	5	0	Update
PMC7333383	optimization/skip	3	0	Update
PMC7333383	model/availability	Yes https://github.com/gkanfer/AI-PS	https://github.com/zji90/SCATE and release used at https://doi.org/10.5281/zenodo.3711558	Update
PMC7333383	model/duration		1-2 days. running SCATE to reconstruct regulome approximately takes 5 minutes per cell cluster on a computer with 10 computing cores (2.5 GHz CPU/core) and a total of 20GB RAM.	Update
PMC7333383	model/interpretability	Black box	Not explicitly stated	Update
PMC7333383	model/output	Binary classification	Clustering	Update
PMC7333383	model/done	3	0	Update
PMC7333383	model/skip	1	0	Update
PMC7333383	evaluation/availability		Not explicitly stated	Update
PMC7333383	evaluation/comparison	No	Across benchmarking datasets	Update
PMC7333383	evaluation/confidence	No confidence reported	p and q values	Update
PMC7333383	evaluation/measure	Accuracy, AUPRC	Variance	Update
PMC7333383	evaluation/method	Independent testing	Benchmarking over 3 datasets with scATAC-seq data	Update
PMC7333383	evaluation/done	3	0	Update
PMC7333383	evaluation/skip	2	0	Update
PMC6982787	publication/pmid	31877719	31877719	Update
PMC6982787	publication/pmcid	None	PMC6982787	New_Key
PMC6982787	publication/updated	None	0	New_Key
PMC6982787	publication/authors	Floriane Montanari, Lara Kuhnke, Antonius Ter Laak, Djork-Arné Clevert	Montanari F, Kuhnke L, Ter Laak A, Clevert DA.	Update
PMC6982787	publication/journal	Molecules	Molecules (Basel, Switzerland)	Update
PMC6982787	publication/title	"Modeling Physico-Chemical ADMET Endpoints with Multitask Graph Convolutional Networks
"	Modeling Physico-Chemical ADMET Endpoints with Multitask Graph Convolutional Networks.	Update
PMC6982787	publication/year	2019	2019	Update
PMC6982787	publication/done	None	0	New_Key
PMC6982787	publication/skip	None	0	New_Key
PMC6982787	publication/tags	[]	True	Update
PMC6394031	publication/pmid	30819107	30819107	Update
PMC6394031	publication/pmcid	None	PMC6394031	New_Key
PMC6394031	publication/updated	03/23/2022 10:25:57	0	Update
PMC6394031	publication/authors	Vinogradova S, Saksena SD, Ward HN, Vigneau S, Gimelbrant AA	Vinogradova S, Saksena SD, Ward HN, Vigneau S, Gimelbrant AA.	Update
PMC6394031	publication/journal	BMC Bioinformatics	BMC bioinformatics	Update
PMC6394031	publication/year	2019	2019	Update
PMC6394031	publication/tags	[]	True	Update
PMC6394031	dataset/availability	Yes, Data are available from the Clinical Research Committee of KOBIO under the Korean College of Rheumatology for researchers who meet the criteria for access to confidential data	yes	Update
PMC6394031	dataset/provenance	This study used data from the KOBIO registry, which is a nationwide multicenter cohort in Korea that was established to evaluate the effectiveness and side effects of biologic therapies in patients with RA [13]. Patients in the registry were recruited from 38 hospitals since 2012, and their demographics, medications, comorbidities, extra-articular manifestations, disease activities, radiographic findings, and laboratory findings performed within 4 weeks prior to the patient’s visit were recorded with the date. The data from patients who were followed up annually were recorded on the KOBIO website (http://www.kobio.or.kr/kobio/), and these patients provided informed consent prior to registration. Ethical approval of the KOBIO-RA was obtained from the institutional review boards of all 38 participating institutions, including the Institutional Review Board of Inje University Seoul Paik Hospital (PAIK 2018-11-005).	https://doi.org/10.7554/eLife.01256.001, https://doi.org/10.1534/g3.115.018853	Update
PMC6394031	dataset/redundancy		In order to avoid excessive numbers of false positive calls due to this imbalance, we trained the models to optimize the metric Kappa rather than accuracy, as Kappa accounts for imbalanced number of genes belonging to each class in training data	Update
PMC6394031	dataset/splits	 the training and test sets were divided in a 7:3 ratio, and the models were trained with the training set	253 MAE genes and 1127 BAE genes	Update
PMC6394031	dataset/done	3	0	Update
PMC6394031	dataset/skip	1	0	Update
PMC6394031	optimization/algorithm	the models included lasso and ridge based on linear relationships [14], support vector machine using kernel methods [15], tree-based random forest [16], and Xgboost	various	Update
PMC6394031	optimization/config	yes, SI	no	Update
PMC6394031	optimization/encoding	Dimension reduction was performed to avoid the “curse of dimensionality” caused by a large number of variables compared with the size of the data. 	processing of signals and the resulting values are converted to quantile rank.	Update
PMC6394031	optimization/features	Among the 64 variables, we selected variables that are frequently encountered in clinical practice for prescription of biologics and excluded variables that are not referenced when prescribing biologics. As a result, 15 variables known to be of clinical importance were preselected (i.e., sex, age, baseline DAS28-ESR, methotrexate dose, steroid dose, erythrocyte sedimentation rate [ESR], C-reactive protein [CRP], rheumatoid factor [RF], anti-cyclic citrullinated peptide antibody [ACPA], anti-nuclear antibody [Anot reported], and five comorbidities). Subsequently, 20 variables that were highly correlated with the drug response (remission) of each bDMARD were selected. After selecting variables based on data, we created a prediction model by training with a fixed set of 35 variables. Missing data for variables (Additional file: Table S3) were replaced with the median value for each variable. With a similar logic, binary variables such as comorbidities were coded as 1 if “yes” and 0 if “no” or “no test” because “no” was the most common value.	defaults classification labels lists or can be provided by the user	Update
PMC6394031	optimization/fitting	To avoid overfitting problems, the training and test sets were divided in a 7:3 ratio, and the models were trained with the training set; then, the prediction results were verified using the test set. For the training dataset, a 5-fold cross validation was performed to tune the hyperparameters determined as outside models (Additional file: Table S1 and Table S2). In this procedure, a grid search was conducted to evaluate all possible combinations of the hyperparameters. The grid search found optimal hyperparameters with the objective function of determining the area under the receiver operating characteristics (AUROC) in each model. Bootstrapping (random sampling with replacement) was also performed to obtain a median value for the AUROC curve and to determine the accuracy for reducing measurement variances caused by small samples when dividing between the training and test sets.	no	Update
PMC6394031	optimization/meta	no	authors recommend to choose the model with the highest F1-score	Update
PMC6394031	optimization/parameters	a grid search was conducted to evaluate all possible combinations of the hyperparameters. The grid search found optimal hyperparameters with the objective function of determining the area under the receiver operating characteristics (AUROC) in each model	not clearly  stated	Update
PMC6394031	optimization/done	8	0	Update
PMC6394031	model/availability		https://github.com/gimelbrantlab/magic	Update
PMC6394031	model/duration		not mentioned	Update
PMC6394031	model/interpretability	transparent	various methods to directly determine class of genes	Update
PMC6394031	model/output	classification	classification 	Update
PMC6394031	model/done	2	0	Update
PMC6394031	model/skip	2	0	Update
PMC6394031	evaluation/availability	No	no	Update
PMC6394031	evaluation/comparison	The no information rate, which is the largest proportion of the observed classes, was used as a baseline to determine the overall distribution of the classification and to compare with those of the machine learning models	not mentioned	Update
PMC6394031	evaluation/confidence		qualitative description of the advantages of the presented pipeline	Update
PMC6394031	evaluation/measure	Bootstrapping (random sampling with replacement) was also performed to obtain a median value for the AUROC curve and to determine the accuracy for reducing measurement variances caused by small samples when dividing between the training and test sets.	 precision and recall	Update
PMC6394031	evaluation/method	CV	Cross-validation and independent dataset	Update
PMC6394031	evaluation/done	3	0	Update
PMC6394031	evaluation/skip	2	0	Update
